0,1,2,3,4,5,6,7,8,9,10,11,12,13,14,15,16,17,18,19,20,21,22,23,24,25,26,27,28,29,30,31
0.0076363776,-0.01942099,0.0020869775,-0.03617592,-0.05566709,0.051990364,0.15379657,0.060632695,0.13994732,-0.00096801616,0.05149059,0.14920318,-0.09664457,0.07784968,0.042187087,-0.05771888,0.03975069,0.210231,0.091424435,-0.01637771,0.0637002,0.04015535,-0.032333747,-0.07471803,-0.072084315,0.026785713,-0.05560305,0.005782159,-0.03783945,-0.11264008,-0.0670259,-0.010052799
0.017885972,0.06861332,0.00422374,0.039933175,-0.0030608093,0.09581303,0.06315373,0.037601694,-0.0060044983,-0.065746844,0.105936594,-0.012015271,-0.043215472,-0.005559855,-0.012674995,-0.06874381,-0.0033723586,0.10735581,-0.02235649,-0.027092721,-0.044947002,-0.0077054957,-0.1017129,0.06015917,-0.13838318,-0.0088239955,0.05265209,0.08727425,0.027634416,-6.834957e-05,0.08402416,0.020910092
0.018384539,-0.08970913,0.08110623,0.08772351,-0.012281003,0.09605291,0.113000624,-0.009249795,0.10423734,0.04459629,-0.082630746,-0.027292255,-0.042595208,0.08590952,0.035720594,0.007239588,-0.02728277,0.1306956,0.01287941,-0.068124145,0.0027012064,-0.029845566,-0.1486105,-0.042369533,-0.15299308,-0.03898975,0.066548236,0.053900775,-0.0068340586,0.010579892,-0.04709347,-0.010477231
-0.0019359353,-0.08918571,-0.051702484,0.005468909,0.01561104,0.02411896,-0.014178484,0.072619155,-0.021825677,0.07612878,0.023904495,-0.090848,0.015841896,0.05129841,-0.015358354,-0.028171513,-0.036491677,0.10740231,0.05668446,-0.04758867,-0.032948606,-0.052994076,0.025916774,0.069952644,-0.054704756,0.027913379,0.08702032,0.040005844,-0.033429205,-0.06768232,-0.022206152,-0.032788996
0.025898373,0.030715194,-0.02318773,0.04023377,0.103461236,-0.018960707,0.044585492,-0.016316824,0.062011894,-0.034332678,0.08477182,-0.0018471809,-0.033138882,0.07519613,0.017779052,-0.0061664823,0.025864296,0.12742855,0.07566977,-0.040424768,0.0015320912,0.015363718,-0.02678786,0.06543176,-0.005818098,0.06803157,-0.056232013,-0.007187108,-0.046442535,0.0853534,-0.059317455,-0.00052847754
0.012758941,-0.006945381,0.056044262,-0.009569547,0.102527164,0.053614564,0.095924646,0.097633466,0.019914646,0.06949282,-0.06007707,-0.019356923,-0.02952041,0.118625045,-0.016301665,0.025379794,-0.044484977,0.17051159,0.0023878843,-0.07386096,0.050867256,0.07496588,-0.048061624,0.0049874005,-0.12320121,-0.051350083,0.073814616,-0.0078082844,-0.037422888,-0.099765904,-0.07256429,-0.09115414
-0.059086658,-0.024854029,0.07329895,-0.093432866,-0.11225012,-0.055531308,0.054529313,0.06937416,0.16026704,0.11421392,-0.11096321,0.047207464,0.035937343,0.055164497,0.0041904007,0.008786504,0.0227747,0.15478167,0.02825225,-0.14254555,-0.0443153,-0.012454226,-0.084406964,-0.05600235,-0.065153174,-0.07586385,0.0029823727,0.02045092,-0.09227781,-0.08487229,-0.017763205,-0.033584498
-0.0057209004,0.05998796,-0.0014698743,0.031425565,-0.09822853,-0.012237453,0.09841337,0.040538196,0.045184813,-0.002578247,-0.008661308,0.0020437846,-0.0111505585,0.035497513,0.043810252,-0.0070123747,-0.0081299795,0.04859188,-0.052553818,-0.044752523,-0.12131238,0.008635754,-0.06374929,0.042292718,-0.041738678,0.008935455,0.044231113,0.07861148,-0.034037378,-0.10619882,-0.10860711,-0.061852008
0.028087953,0.02393269,0.040594745,-0.007996272,-0.10592354,0.039712373,0.103829,0.15703204,0.00236417,0.008696355,0.011623888,0.024823127,0.02740346,0.04292043,0.04108759,-0.012538252,0.016547898,0.099175386,0.017541965,-0.019838797,0.034274712,0.08614154,-0.068219185,0.026518077,-0.20286861,0.049572475,-0.059528857,-0.089519106,-0.1197611,0.03249303,-0.04892607,-0.010142745
0.039338715,-0.043725096,0.076721475,0.03016088,0.02446991,0.07309055,0.080257244,0.05586935,0.0022456814,-0.022033555,0.006851308,-0.085489064,0.059194684,0.0961984,-0.029192092,-0.06184034,0.040248554,0.04561334,-0.07103643,0.123582065,0.018667975,0.07685849,-0.09871347,0.00011384325,-0.15012857,-0.0059299157,0.0446223,0.051072422,-0.11645383,0.0646452,-0.120574296,-0.033491675
0.07243498,0.072785355,0.045747075,-0.030473176,-0.009333204,-0.018520564,0.013999639,-0.0025837203,0.1603235,0.051798433,0.052996017,-0.0012188004,-0.036435742,-0.059858847,0.03462643,-0.009111151,0.044268396,0.046855394,0.00819588,-0.06562834,0.05144361,-0.027423108,-0.1264484,0.017329434,-0.09916237,-0.028873676,-0.0056720413,0.015784424,-0.07325489,0.006457777,-0.06781718,-0.11028783
-0.08199911,0.071421325,0.040241677,0.0063580507,-0.018332196,0.045562424,0.07191633,0.039312094,0.14885838,0.08234809,0.07209299,0.120953195,0.018478472,0.007502745,0.082731016,-0.026594201,-0.0050524627,0.13579229,0.06497117,-0.0038090767,-0.046875954,-0.08889231,-0.08768703,-0.003878362,-0.05933079,0.033319276,0.064298496,0.024714725,-0.008008754,-0.04413682,-0.016327308,0.058347434
0.09701791,-0.004547972,0.0024076714,0.021038083,0.059606187,0.077575736,-0.102791384,-0.030835368,0.04684651,0.19928055,0.045552656,-0.03361858,0.034563057,0.062083364,-0.06195755,-0.011489114,0.046870746,0.06854501,0.027392315,-0.020538073,-0.087123774,-0.03806238,-0.002390273,0.018713366,-0.15368687,0.032422025,-0.030372193,-0.025538003,-0.10372851,0.045494985,0.0023075177,-0.15439843
-0.010283935,0.0037692063,0.023719821,-0.03451638,-0.100752965,0.014904472,0.013804315,0.06670674,0.13252772,0.07279748,-0.08078038,0.102162726,-0.01643141,0.05510576,-0.04840902,-0.056131434,0.04884762,0.093518846,-0.02512254,-0.033727184,-0.017927766,-0.06653231,-0.021883348,-0.044086393,-0.14739023,-0.055858303,0.06886461,0.061844252,0.019306706,-0.019295756,-0.03154676,0.045626346
-0.023051392,-0.045864288,0.06319823,-0.0072671776,0.050696958,0.08427916,0.094218135,-0.016409332,-0.081208736,0.038628247,0.08844945,0.017658139,0.0020141162,0.043741617,0.016534004,-0.015990848,0.04766779,0.07685088,0.038753815,0.083731584,-0.007674976,-0.03892256,-0.027257323,0.04801779,-0.096484035,0.10211487,0.05990637,-0.02941915,-0.07184439,0.053762604,-0.006934107,0.03692948
0.010831437,-0.13969019,-0.04756293,0.0095537165,-0.0035990698,0.04086296,0.01064991,0.070779175,0.12664963,-0.0005603332,-0.038821973,0.016020099,0.029266449,0.062138718,0.08713074,-0.008441639,-0.019828524,0.0756925,0.08457272,-0.08670181,-0.03864779,-0.02783702,-0.093310446,0.0434265,-0.14753695,0.025258593,0.15747267,0.0045000543,-0.011930452,0.021456864,-0.038938936,-0.08709933
0.056666642,-0.041230608,0.0721428,-0.028978702,-0.003978485,0.067625195,0.034670234,0.12594962,0.109590545,-0.009864997,0.002612246,-0.0142099215,0.09747609,0.091702856,-0.03469047,-0.13342091,-0.08196221,0.107244715,-0.062535405,-0.11587397,0.01618395,-0.08331881,0.0020198384,0.05591465,-0.07554055,0.026315283,0.04717716,0.02058601,-0.051021513,-0.030329814,-0.11247236,-0.05323377
0.07880515,0.0040879995,0.07595661,0.073291354,0.059014894,0.0497225,0.08355865,0.07715389,0.015759785,0.03936943,-0.00979196,-0.010595175,0.0015346352,0.052789755,-0.004108087,-0.07053541,-0.050506297,0.14452896,0.040965743,0.004070707,0.046424977,-0.041605018,-0.07808171,0.042408835,0.013059675,-0.027977297,0.03558415,0.020520084,-0.006096729,-0.010019019,-0.0036316954,-0.0497986
-0.04865533,-0.0062663695,0.10264775,0.031728644,0.04040477,0.034970544,0.12098672,0.006786066,0.053532768,0.046766084,0.023091005,0.044668153,0.0083346125,0.08144495,0.006452073,-0.080162585,0.02459866,0.21410872,0.1044002,-0.13576488,0.03794633,0.039692193,-0.033004805,0.0035427203,0.0037187086,-0.036481958,-0.021376386,0.060194865,-0.12760061,0.02808136,-0.035986803,-0.0004957409
0.0066305064,-0.008574416,0.09560199,0.04255404,-0.029944785,0.046887282,0.0415927,0.0450115,0.049279973,0.022290234,0.074449375,-0.00032264797,-0.088476725,0.016356604,0.09111374,-0.059883792,0.00028634947,0.20522498,0.14234762,-0.10937003,-0.060450785,0.039272174,-0.16580057,0.036726873,-0.011729426,-0.09809208,0.063994355,-0.0022420806,0.00043074627,-0.11136127,-0.061685465,0.05220251
0.008139938,0.08736608,0.08775063,-0.037251834,0.051081873,0.11796528,-0.005573423,0.038260836,0.084618315,0.13883404,0.09975859,0.056578156,-0.07118664,0.018923903,-0.015557552,-0.009604429,-0.042603318,0.1634062,-0.0017786468,0.0071560806,0.080429174,-0.06904512,-0.0830232,0.0198698,-0.15593028,-0.05508738,0.060562782,0.05416319,-0.05030274,-0.030864445,0.05160796,0.019606609
0.08594441,-0.0547794,0.065074876,0.05581826,0.027290862,0.029387994,0.10214505,0.05176925,0.021533227,0.013105801,0.059215695,0.03028923,0.018731376,0.09178177,0.012432834,0.06663557,-0.012767982,0.12394804,0.025543962,-0.062438123,0.015985452,0.024115795,-0.020280112,0.08126736,-0.16231139,-0.08077731,0.118559696,0.09607549,0.016679091,-0.14762719,-0.09778109,-0.093361095
0.05382552,-0.061827473,-0.045512117,-0.03617337,0.001016215,0.016947381,-0.062466692,0.060082156,-0.0064362693,0.018646332,0.06170717,0.04219339,-0.025147023,0.08806089,0.09147819,0.007285279,0.035480354,0.09424152,0.08469049,-0.09977012,-0.14349815,0.0139624905,-0.03396914,0.10440633,-0.06583952,-0.015654773,0.06653427,-0.0010359709,-0.059896745,-0.020612458,-0.041350506,0.015218182
-0.036496583,-0.02391185,0.06916306,0.017453305,-0.072468445,0.019353338,0.08851226,0.09775353,-0.015598378,0.087551214,0.03826972,-0.011954981,0.052527614,0.038802397,0.014157695,0.046366476,0.044038635,0.11911125,0.036309667,-0.02820985,-0.028883478,0.026838422,-0.039744273,0.013599318,-0.041744262,0.0004482443,-0.011089221,-0.025589613,-0.08229363,-0.0357758,-0.0054031177,-0.010716507
-0.03794109,-0.043235347,0.093195274,0.097855456,-0.014891927,0.025436852,0.17338713,0.06739378,-0.13886793,0.009611061,0.081757836,-0.0009957983,-0.089316964,0.06196947,0.06003936,-0.046832412,0.024792835,0.10996882,0.014588644,-0.099375285,-0.0100411335,0.014839562,0.04184772,0.016069049,-0.079244636,-0.04022283,0.050019734,0.030049494,-0.066601485,0.006430637,-0.11915041,-0.075652145
0.00019556329,0.046533003,-0.012246601,0.047330033,-0.07964749,0.013860468,0.060152333,0.03209651,0.042734455,0.014522661,-0.050245546,-0.06892751,-0.020181604,-0.0051208017,0.019364877,-0.13109681,-0.02126624,0.13210768,0.02674673,-0.07044923,-0.030897869,0.015517092,-0.09545368,-0.010193078,-0.04302324,-0.08354745,-0.010514827,0.058976986,0.059463255,-0.07960718,0.017851358,-0.023102889
-0.03873975,-0.055427063,-0.02580086,0.04259799,0.020655692,-0.049830183,-0.018435253,-0.06354588,0.11895359,-0.04745066,0.1330555,0.095356755,-0.027883735,0.036985647,0.07837502,0.057741493,-0.1258612,0.12859787,0.012961439,-0.026516574,0.017347265,-0.11643773,-0.016185189,-0.009883344,-0.02525264,-0.02369581,-0.05386207,-0.01178283,-0.15741085,-0.005654447,-0.032733027,0.009158878
0.061547037,0.036569007,0.009187927,0.040601384,0.005622185,-0.045658603,0.07721534,0.005542809,0.1081147,0.06721127,0.13435265,0.008714255,0.115475714,0.009217302,0.052166954,0.008998565,-0.064601876,0.0658842,0.021715483,-0.0011748744,0.078111306,-0.068494886,-0.14136368,0.0006846636,-0.089565456,0.023371508,0.056857035,0.015281335,0.012190247,0.026767306,-0.056419365,-0.030482283
-0.024461202,0.058470454,0.06713018,0.04005639,0.0054813363,0.1426913,0.06714774,0.08024302,-0.026733715,0.06928054,-0.0031729725,0.11913999,-0.076004624,0.11466633,0.027982593,-0.04330094,0.07530281,0.117826544,-0.118975855,0.010650919,-0.06353584,0.01604708,0.036501553,-0.018512858,-0.036102135,-0.08426693,0.027569748,-0.10467191,-0.100392714,-0.010570248,-0.090497784,0.11510412
0.10241883,-0.023402685,-0.028466178,0.02851507,-0.1106122,0.015346768,-0.032482572,0.014017334,0.059402276,-0.014402603,-0.06700469,0.038963873,0.07345313,0.107901804,-0.021513328,-0.08156763,0.057233512,0.064554974,0.035985336,-0.017261993,-0.032996096,0.08479664,-0.037136246,-0.032041043,-0.060860608,0.0006139258,-0.005489111,0.02130752,-0.06649284,-0.048790812,-0.056965325,0.06797168
0.01480732,0.051115148,0.051462155,0.0636572,-0.054700393,0.017726846,-0.014894102,0.080730155,-0.03621572,-0.012006904,-0.005884106,-0.043251626,0.05961666,0.050875835,-0.04669987,-0.013097382,0.033834003,0.17999788,0.06266307,0.003975171,0.021978293,0.008072236,-0.06758906,-0.017813867,-0.061758924,0.039275493,0.0106654735,0.050385397,-0.071205236,-0.04379836,-0.05916627,0.019657793
0.110809594,0.035047602,0.07522043,-0.029854566,-0.05718313,0.07540158,0.05059389,0.060380712,0.091739915,0.1463309,0.14190389,0.03230073,0.02248221,0.042096447,0.046553474,-0.02618679,0.03814045,0.035730503,0.028661376,0.01438969,-0.06663853,-0.007931772,-0.044558734,0.031205712,-0.16149484,-0.035442393,0.08446906,-0.025370715,0.0004459545,0.03845529,-0.0018478945,-0.06208203
0.039546512,0.038032282,0.095248096,0.07019262,-0.045981683,-0.0731578,0.05010677,0.011521975,0.14730678,0.03718582,-0.02478137,-0.08449842,0.008240182,-0.011759998,-0.024668422,-0.059413172,0.029972417,0.12633194,-0.023983138,-0.08728935,0.13873194,0.029613193,-0.16690634,-0.050060317,-0.119626105,0.012655204,0.030024422,-0.045601025,-0.043847818,0.054306854,-0.035748843,-0.04812503
-0.041821357,-0.083240554,0.0032058447,0.056851912,-0.072358854,0.05930284,0.033396494,0.058165986,0.08950541,-0.02344123,0.0021656055,0.11513161,-0.017204057,0.09574299,0.04301085,-0.05607788,-0.010073246,0.07976365,0.077009544,-0.056934208,-0.010915116,0.0043645664,-0.033896875,-0.003472245,-0.12593256,-0.051639076,0.09527556,0.096711054,-0.02801782,-0.10156393,-0.036484122,-0.05756532
0.0005030932,-0.110843144,0.033024237,-0.000643042,0.062255684,-0.010811625,0.037801526,0.10724543,-0.06867604,0.10746803,-0.014272046,-0.04678654,0.004780585,0.06768761,0.070198715,0.050983537,0.02345382,0.05864937,0.09421021,-0.016129574,-0.06431852,0.10595791,0.006690967,0.015798898,-0.08712788,0.030370902,0.025155714,-0.003939718,-0.09485999,-0.033209812,-0.08247749,-0.066457696
-0.030466784,-0.07283976,0.14670005,0.00046638944,0.0017044283,0.034651343,0.038540836,-0.009129878,0.091643505,-0.06047724,0.07077939,0.050218116,0.011200048,0.16604312,0.06880553,0.0041776025,0.033068288,0.22019577,0.048501823,-0.11047245,-0.069414355,0.16230671,-0.107153945,0.08805174,-0.01612674,-0.0042632357,0.042840987,0.060336173,-0.11328717,-0.086026795,-0.035947785,-0.033907134
0.087031126,-0.03201506,-0.04396186,0.052806817,-0.0006254931,0.08335466,-0.043326963,0.032796882,0.08873596,0.06138473,-0.02182933,-0.030109944,0.020810753,0.040874373,-0.059151113,-0.06096551,-0.015295647,0.049451925,-0.03964626,0.040995717,-0.009611647,0.0146288965,-0.0016821404,-0.0813894,-0.15657592,0.0050211158,0.013835863,-0.035237167,-0.110451765,0.015805352,-0.053894285,-0.06780297
-0.009944469,0.028105332,0.059100308,0.079097755,0.0468873,-0.010349192,0.115840755,-0.01143025,0.13504027,-0.081825055,0.046371095,0.10808463,-0.08912989,0.20852377,0.054950334,-0.054330308,0.074354865,0.11498308,0.09649616,0.03288684,0.035472646,0.0027297472,-0.14033641,0.013061073,-0.047248784,-0.03891555,0.08434928,0.08753676,-0.096964344,-0.018420925,-0.12351287,0.04171655
0.06962267,0.010281154,0.10024504,0.0045788493,0.07153402,-0.013877356,0.060525008,0.02582065,0.10968943,-0.03301797,0.020778285,-0.018710634,0.0660804,-0.0038841646,0.07351035,-0.060573775,0.023545036,0.10327598,0.061810136,0.012295166,0.04432028,0.06188547,-0.09857258,-0.031043362,0.049014416,-0.031053765,0.037744716,-0.05444949,-0.030249212,-0.043152593,-0.060577862,0.071557656
-0.01336142,-0.041683793,-0.012768852,-0.022674898,-0.071938165,0.06732617,0.0007766926,-0.06289344,0.09899258,-0.06153401,0.009033383,-0.08374068,-0.022036944,-0.00217339,0.044414517,-0.10699291,0.013085289,0.15551782,0.001578726,-0.012618492,-0.0809699,0.023119023,-0.07273868,-0.023047788,-0.08820439,-0.0013043132,0.017364047,-0.01452577,-0.019606424,-0.02736904,-0.061298493,-0.023401717
0.038878243,0.017224094,0.06452982,0.07811791,0.020515777,-0.00010631039,-0.029382007,-0.01139496,0.09090357,0.028850801,0.02918634,-0.038866222,-0.0016675101,0.033466496,0.09835699,-0.051228408,0.04069213,0.10324137,0.0010138269,-0.04718288,-0.019850453,-0.01808308,-0.079109974,0.06963268,-0.053510267,0.020381283,0.041338865,-0.10389822,0.017736329,-0.007999687,-0.10821818,0.0047814255
0.08564112,-0.044528726,0.051872745,0.0022839913,0.009674624,0.0019440226,0.08493066,0.0097651705,0.052409343,-0.06829649,0.0030930801,0.05171559,-0.016828507,0.10422365,-0.0061219367,-0.09996395,-0.025848012,0.15812139,-0.03341405,0.114921525,-0.030596461,0.09808765,-0.08443885,0.0038668455,-0.17109399,0.03242578,0.049697857,0.04179085,-0.0204214,0.0054662735,-0.110559426,-0.007823573
-0.038669407,-0.0367935,0.13877018,-0.035750456,-0.03345509,0.0029373704,0.013551438,-0.07295604,0.14488399,-0.0027258182,0.0966022,0.04365666,0.049190644,0.061550137,0.052695125,-0.053112507,0.004903065,0.16389252,-0.003315497,-0.10683691,-0.008758126,-0.023050347,-0.0716845,-0.013469271,-0.1339327,-0.10092377,0.089172624,-0.014864395,-0.008937273,-0.10999436,-0.08089962,-0.11015104
0.053459834,0.0014973682,0.09149336,0.09389041,0.021368176,0.07113072,0.05044748,-0.05445377,0.11704108,0.06520074,-0.04388772,-0.027594294,0.051132966,0.115486115,0.009280428,-0.13749713,0.10715463,0.23762943,0.005473793,-0.06576994,0.010887443,-0.014942913,-0.0847132,-0.0140104005,-0.04787089,0.05341681,-0.02698962,0.06345476,-0.12836444,0.041543126,0.02123534,-0.014518558
0.011932146,0.0762774,0.07922243,0.013807347,0.025660792,0.03734431,-0.0028179167,0.08368553,-0.022702817,0.040298156,-0.012644236,-0.02444624,0.0058690524,0.027703283,0.008729865,0.040299248,0.064370245,0.15431994,0.029170249,-0.054092098,-0.045059558,-0.08942559,-0.05741401,0.09646863,-0.022880951,-0.08845212,0.08202759,0.05180924,0.060309395,-0.031979907,-0.023816876,-0.00086328236
-0.0054033697,0.015679026,0.035417657,-0.03699014,0.08128367,-0.01944173,0.011643562,0.0015130796,0.097382724,0.021291517,0.027326517,0.02420136,-0.00081100053,0.0721206,-0.012306346,-0.09240305,0.04134391,0.16711824,0.07533795,-0.07496135,0.026405154,0.050816327,-0.032568652,0.038603805,-0.005445889,0.017315473,-0.014581754,0.034770258,-0.05550594,0.021109909,-0.005854033,0.0004524579
0.091714695,0.031615563,0.06955121,-0.0128433285,-0.045264825,0.061735734,0.05000138,0.05032336,0.0829117,0.14190973,0.11899639,0.023286954,0.017624032,0.038340677,0.041133184,-0.022376433,0.019704979,0.022010138,0.023413816,0.020262694,-0.06829041,0.004366193,-0.029593049,0.030812263,-0.13370432,-0.024985755,0.05709476,-0.03608166,-0.0014517679,0.045737427,-0.0067643863,-0.06818808
0.056537014,0.043903396,0.008092451,0.012364463,-0.07801268,0.06121107,0.08189693,0.047966387,0.12434779,0.09919636,0.03553895,-0.01252934,-0.032212324,0.04708497,-0.004712405,-0.07072799,-0.09434903,0.11770516,-0.04252686,0.1167189,0.043893997,0.03808401,0.00030844007,0.005195448,-0.048537344,-0.027947964,0.038945973,-0.0762477,-0.021231834,-0.05986082,-0.075923264,0.025954964
0.039133623,-0.04028054,0.09546968,0.12464212,-0.024775984,0.008363681,-0.023769494,0.07895255,-0.034367662,0.018314525,-0.034968123,-0.036413733,0.004907433,0.0009635722,-0.04053523,-0.11561949,-0.018942414,0.20577858,-0.008402119,-0.045554347,-0.022406468,-0.07201446,-0.10033528,0.12328273,-0.072977126,0.033443425,0.029917732,-0.07404741,-0.09134469,0.074344456,-0.00010410794,0.06928684
0.11687865,-0.04865447,0.13197824,-0.0015481802,-0.09687433,0.046975646,0.045369208,0.07873693,0.07013044,0.10053213,0.028927743,0.040767062,-0.05198554,0.10386427,-0.008198935,-0.030733816,0.024597554,0.11516823,-0.018549267,-0.10399527,0.0035277547,0.034887966,-0.017954858,0.04685612,-0.0664818,-0.06578818,0.10579558,0.03684666,-0.060305756,-0.08584132,-0.00788839,-0.0055178283
0.028207408,0.0029004924,0.021314394,0.0017403595,-0.0064505106,0.023837829,0.054051463,0.01613482,0.100478746,-0.021950072,-0.018216688,0.066816404,0.038756292,0.05469388,0.05929152,-0.03439446,-0.019288577,0.08065719,0.008803598,-0.018764595,0.094563425,0.024844687,0.0614256,-0.06500646,-0.03204768,-0.023409517,0.008621637,0.07495719,-0.11646992,-0.0691579,-0.14792062,-0.05665028
-0.08094623,0.00787859,0.017384436,0.06635373,0.014576259,0.042723868,-0.020459644,0.023807427,0.062882185,-0.009704775,0.103269644,-0.009013121,-0.008852585,0.027414875,-0.01167169,0.04778022,0.024523556,0.06305699,0.027251178,-0.056706004,0.010508729,-0.0075167613,0.033271253,-0.023069123,-0.024416957,-0.009592779,0.026887398,-0.0012281472,-0.12891565,-0.032950453,-0.012614904,0.0119777005
0.01886232,-0.049716067,0.02434815,-0.030645289,-0.0047049155,0.070493914,0.038091168,0.0076420675,0.16834126,0.01740594,0.024373675,0.062435813,0.010630786,0.09464306,0.030546349,-0.027088001,-0.032055642,0.06719047,0.017861323,-0.046643745,-0.017482731,-0.096487775,0.02415176,0.07642863,-0.15864322,-0.003765792,0.093759276,-0.070153326,-0.0012291298,-0.048091214,-0.11926132,-0.071715966
-0.02201018,0.033678014,0.09363836,-0.02092228,0.037118357,-0.009630011,-0.0058426587,-0.036132526,0.08780173,-0.03520373,0.09293117,-0.012302781,0.012454649,0.04875476,-0.057419673,0.059627276,0.009660633,0.08848155,-0.0374231,-0.080332905,-0.032470442,-0.0047037485,0.015071165,-0.011597836,-0.072804354,0.028537825,0.03450612,-0.023500014,-0.051644914,-0.033461433,-0.031661097,-0.011647262
0.050427645,-0.111197576,0.084892206,0.03725683,-0.03451579,0.03533273,0.013059732,0.023341617,0.068949975,0.09593645,0.094096,0.07797885,0.051729113,0.0340473,-0.09167617,-0.014073488,-0.05969274,0.14211778,-0.041636046,0.033290796,-0.06735103,-0.04442073,0.0061118733,0.01470267,-0.16870363,0.043204125,-0.029717712,-0.08670104,-0.12972365,-0.084793895,-0.11177824,-0.035964053
0.053636067,0.06708051,0.12185058,0.060354162,-0.08886261,0.11478714,0.099792294,0.048909474,0.05335552,0.15493216,-0.0022969728,-0.010136711,-0.009827497,0.10185054,0.021740701,-0.089335255,0.01321071,0.16070442,0.036587756,0.055136956,-0.064504564,0.075244695,-0.03135727,-0.026536869,-0.12546736,-0.06368762,0.06985468,0.09267662,-0.03916328,-0.032971658,-0.013020856,0.019546663
-0.046647746,-0.019438269,0.18400224,0.013653612,-0.03152769,-0.09747581,0.11484325,0.045179233,0.11638308,0.06978415,-0.029217875,0.0057569104,0.012939445,0.13172561,-0.035171177,-0.013892599,0.027357697,0.16671115,0.022957345,-0.020371076,-0.007725331,0.015400793,-0.0990436,-0.07890461,-0.0062145586,-0.013110428,0.012663071,-0.0029526812,-0.07458493,-0.083347894,-0.053706206,-0.032700635
0.000108942855,0.017472547,0.1419227,0.038672894,0.008060818,-0.043276943,0.049415193,-0.06327804,0.12994698,-0.056063276,-0.012512868,-0.005948819,-0.0047194385,0.08214377,-0.019243343,-0.04921419,0.06366185,0.1350416,0.036665205,-0.09247496,0.0234698,0.07916381,-0.10312789,-0.009552801,-0.0010824787,-0.02927967,0.019468138,0.09114664,-0.026050417,-0.034987677,-0.04167287,0.029485215
-0.024972731,0.05066919,0.056239508,0.060816854,-0.0317451,0.04687305,0.061390005,0.026758179,0.14224495,-0.015937371,-0.029415911,-0.01788459,0.03653133,0.11363936,-0.004591475,-0.14450717,-0.037186697,0.093411654,-0.073807575,-0.0314266,0.05283294,0.0653911,0.043181095,0.00054722227,-0.10647203,-0.021736426,0.035876546,-0.03366312,-0.09094594,-0.048289824,-0.12533057,0.031092707
-0.043774284,-0.0012605432,0.15252598,0.017575078,-0.00938819,-0.049581144,0.095186934,0.039774835,0.0714988,0.0728493,-0.047278713,0.011275486,-0.009142494,0.08640792,-0.021615284,-0.011121189,0.02248488,0.12503962,0.043837406,0.00013259333,-0.012117984,0.0045667547,-0.065760255,-0.055832047,0.0027185949,0.0089829285,0.0061753187,0.0031271814,-0.06517096,-0.025166376,-0.053493574,-0.017512621
-0.009165157,-0.02916282,0.03364687,0.021317767,0.014105135,0.05335155,0.0027632196,-0.002961872,0.014693435,-0.004692163,0.0621203,-0.00071817904,0.016195532,0.07322749,-0.024240928,0.048874892,-0.05576337,0.1426981,0.021618437,-0.038145836,-0.050227534,-0.10851508,0.03127328,0.083739646,0.0039402377,0.017360263,-0.030131614,-0.03847578,-0.1603519,-0.08124883,-0.047587607,-0.06614412
0.077070065,-0.0039538965,0.069954656,-0.050750975,0.03614661,0.041709263,0.18072596,0.06504118,0.09120816,-0.0134763215,-0.14224212,-0.0050798357,0.01377044,0.1338224,0.059852205,-0.051497113,0.043971553,0.1266404,0.02189648,-0.096947335,-0.0055796695,-0.0029138548,-0.032195896,0.05399941,-0.16560215,-0.030334858,0.035988584,0.0013209304,0.015191448,-0.012807967,-0.09402306,-0.07218569
-0.16347644,0.063268006,0.10337672,0.053968836,0.07890511,0.06983798,0.04061124,-0.043033052,0.014804853,-0.014331597,0.021359194,0.08887267,0.00041341857,-0.011511601,0.028099177,0.07205402,0.023735791,0.2260012,-0.03909145,-0.07606773,-0.049118273,0.012032111,-0.048455987,0.029458227,-0.17042072,-0.017551214,0.102950305,0.023488192,-0.007412075,0.0078116464,-0.08897355,0.14266881
-0.08401884,0.030560637,0.061122146,0.008630592,-0.061960537,0.057210866,-0.029475013,0.012893096,0.06486317,0.054398943,-0.014228882,-0.024412278,-0.0026530116,0.017441714,0.108920895,-0.049023807,0.012215499,0.07894305,0.06695651,-0.000988879,-0.004998634,-0.012733057,-0.041660715,-0.042671453,-0.04374559,0.019716332,0.007873795,0.012854666,-0.05016552,0.0010622771,-0.037644215,0.041694075
0.010638783,-0.11908701,0.124787085,0.064448364,0.07534305,-0.02490184,0.050871667,0.13920139,0.034984067,-0.055065855,0.10414771,0.06950109,-0.037730455,0.08032956,0.01692524,0.037854552,0.013522174,0.118280165,0.09010862,-0.08907039,-0.05172586,-0.06102108,-0.09132443,0.037015248,-0.08534646,-0.0386806,0.013052995,-0.020929402,-0.07015226,-0.043728903,-0.13925451,-0.07513299
-0.060589768,0.09013327,0.0034605684,0.06524997,-0.058361545,-0.0068145534,-0.028097041,-0.03577326,-0.04347552,0.011847235,0.042647153,-0.015850209,-0.13413188,-0.0021254874,-0.120886944,-0.04464193,0.03291094,0.16790618,-0.03260221,-0.020359812,-0.03823499,0.033615485,0.05379472,-0.023414677,-0.100770235,-0.034099687,0.054214302,0.018532615,-0.004837009,-0.00665479,-0.01748203,0.0027590264
0.03519639,-0.11671208,0.09918652,0.018572176,-0.008830145,0.03623942,0.05579506,-0.031141065,0.01955101,0.005355547,0.03821512,0.062851414,-0.055858213,0.08260238,0.04647405,-0.044112362,-0.0074015125,0.096247435,-0.09395044,0.044386502,0.021326533,0.002128382,0.00018129159,0.05340696,-0.07362189,-0.028967818,0.15274489,-0.03714769,0.007610647,-0.09421887,-0.056660675,-0.1370523
0.16190189,0.029462453,0.05733138,0.11871367,0.030893575,0.12602246,0.111453146,0.050180133,0.064683735,0.18734746,-0.0065981266,-0.017145962,-0.01767928,0.08349981,-0.063921474,-0.15257654,-0.10622062,0.13746066,-0.050662618,-0.0018709484,-0.030390857,-0.0258327,-0.011533099,-0.076322295,-0.106729925,-0.07582783,0.03866268,0.017153148,-0.047797915,0.015422633,-0.050837327,-0.03862222
0.06522567,-0.13932171,-0.0467407,0.0056201927,-0.012623304,0.051198,-0.0063069668,0.09612522,0.01186719,0.04971533,-0.008946166,0.018806905,0.040473543,0.049021102,-0.018364543,-0.009138689,-0.030621719,0.14951743,0.040890694,-0.0584256,-0.040970456,0.002077243,-0.04112274,0.010942958,-0.100223266,-0.0005823423,-0.021283641,-0.010698014,-0.06671396,-0.092999406,0.0035532645,-0.020268368
0.062382154,0.12854566,0.020848488,0.06291316,-0.06776854,0.020919535,0.05430401,0.081571124,0.17705952,0.008050778,0.067526296,0.07752468,-0.026410155,0.03830486,0.0689044,0.024588313,0.0035410812,0.1140941,0.0069184704,-0.11121858,-0.065955445,0.024745343,-0.04104249,-0.007780612,-0.1018858,0.012941733,0.036195662,0.031129278,-0.02906143,-0.062156443,-0.08127265,-0.019732492
0.018131975,-0.010172571,0.06731725,0.013223096,-0.0053074425,0.0037275061,0.06145908,0.042209793,0.05104753,-0.004704267,0.03662674,-0.0034438055,0.019559944,0.048415046,-0.012206612,-0.019954478,-0.0017243086,0.100231655,-0.014583526,-0.013735083,-0.016951382,-0.009172666,-0.062082283,0.011633742,-0.08300406,-0.0056271623,0.04623883,0.032040704,-0.03669598,-0.020281814,-0.057761364,-0.024771463
0.023918651,0.019377153,0.04298064,-0.0017932814,-0.013846721,0.0060056937,0.028000528,0.02819512,0.09791373,0.046968237,-0.0015673505,0.004953955,0.017203514,0.044763517,-0.0047240322,-0.040356502,0.016240766,0.09975039,-0.00349682,-0.064240195,0.0010500883,0.0019761962,-0.055687964,-0.0033464911,-0.08369815,-0.008454931,0.02778385,0.009535957,-0.05465261,-0.021829488,-0.045201648,-0.03976724
0.02058045,0.0026206425,0.05252473,0.009208995,-0.0053624604,0.022925077,0.05105902,0.03626945,0.07022437,0.04396194,0.015647573,0.018936452,0.0033956654,0.058741935,0.008024525,-0.03994348,0.007968049,0.12036464,0.008504166,-0.04305761,-0.0040902346,0.0030660545,-0.048627555,0.0002843722,-0.08321019,-0.014775539,0.033963062,0.0076864534,-0.050088674,-0.0346045,-0.041347947,-0.025346136
0.017930092,-0.018008826,0.045181632,-0.022466265,-0.024748614,0.007593951,0.05164562,0.023874283,0.0541872,0.07509302,-0.017431471,0.026882429,0.01576829,0.032301936,0.0028973403,-0.03032259,0.057656787,0.094887584,0.012741357,-0.041361064,-0.014055714,-0.025511073,-0.06603425,-0.023468692,-0.08089388,-0.015088804,0.037132893,0.020753581,-0.06410903,-0.0006508442,0.0055609425,-0.020880468
0.02583182,-0.010637616,0.050197095,0.014602301,-0.010859729,0.02049142,0.050184924,0.04534561,0.065689616,0.033343118,0.010209321,0.013738015,0.0007467036,0.05807361,0.009734431,-0.03309419,2.7583883e-07,0.12184508,0.012364464,-0.027340226,-0.0020403606,0.0034679584,-0.054990206,0.0036145188,-0.084525034,-0.018338608,0.049148165,0.013078066,-0.054486927,-0.03907487,-0.047532603,-0.020602807
0.02766092,0.0063274996,0.030413583,0.009919149,-0.014810262,0.033209153,0.022498013,0.02739683,0.06877844,0.03287597,0.009576514,0.007157832,0.004050587,0.045222394,0.0029376931,-0.044969015,0.014353045,0.108539216,0.00017591323,-0.027145231,-0.02170701,-0.008022238,-0.04798115,-0.0013943745,-0.08106913,-0.0070764134,0.03877202,0.0071019195,-0.037172038,-0.029223807,-0.04315776,-0.010402831
0.018362712,-0.011780528,0.03756571,0.023331039,-0.03462094,0.02041196,0.030416748,0.031301457,0.062172618,0.01833251,-0.0048989793,0.005620638,0.014350521,0.05017563,0.0012747205,-0.049172275,0.019697065,0.12164291,0.00977012,-0.025692062,-0.017825093,0.0056268554,-0.059125856,-0.006632369,-0.08297201,0.003278588,0.019608106,0.017734068,-0.05827593,-0.022223871,-0.041557543,-0.011642837
0.015088586,-0.027580947,0.054020703,-0.022584088,-0.023608997,-0.0010219372,0.0021118505,0.038589466,0.044797327,0.047398742,-0.0006795204,0.01923391,0.009640898,0.023648959,-0.011292104,0.0087320525,0.018759884,0.12541637,0.00793092,-0.05265991,-0.05738492,-0.046954386,-0.028052676,0.028886043,-0.07277772,-0.052905414,0.057632968,0.02608571,-0.03185305,-0.04824996,-0.04188527,-0.009340124
0.031606015,0.016478552,0.038794413,0.014682083,-0.009550796,0.01945891,0.028327884,0.02279054,0.054840438,0.03439104,0.024443358,0.012190144,-0.008663117,0.029300641,-0.0029531952,-0.038749423,-0.0024315766,0.115527235,-0.0021449733,-0.012795426,0.0012017563,-0.029469151,-0.039080657,0.0038114027,-0.07324303,-0.012821445,0.04384349,0.0071971095,-0.05995953,-0.02247753,-0.037948728,-0.007737927
0.009564749,-0.0007501268,0.048944585,0.004591086,-0.005392776,0.022986807,0.03625684,0.021777712,0.06530888,0.02289563,0.01636739,0.00871332,0.00056068145,0.04637388,0.0150685655,-0.034429003,0.017110055,0.13374785,0.015531058,-0.044058457,-0.022854446,0.004780454,-0.06572949,0.0030538507,-0.0794405,-0.021265374,0.037648737,0.014969306,-0.05160026,-0.020136382,-0.037283298,-0.008211123
0.029618904,0.010123979,0.043033674,0.009294095,-0.029491346,0.016153973,0.04009055,0.03815815,0.0733643,0.032201428,0.010581764,0.019107083,-0.002765009,0.040274195,0.0035712435,-0.05245548,-0.016279178,0.13652767,0.0043102964,-0.02258535,0.018583592,-0.013923599,-0.045363232,-0.0043689795,-0.06645331,-0.03053181,0.04506784,-0.0049222982,-0.05581599,-0.0367876,-0.0347225,0.015975676
0.026532225,0.022098871,0.048135847,0.014380193,0.0063009243,0.0048967656,0.0544763,0.03728965,0.08720122,0.06566635,-0.0037961178,0.0012569265,-0.0038913714,0.021898756,0.008201974,-0.028369166,0.018842261,0.10848104,0.0021141516,-0.051057097,0.035883322,-0.004311473,-0.09770709,-0.022000708,-0.09935865,-0.017074069,0.05417852,0.004142369,-0.029281804,-0.0070431703,-0.020191777,-0.042988352
0.016546335,0.0048262468,0.0495636,0.011373673,-0.008287115,0.011959581,0.037249785,0.02990423,0.06449877,0.030515391,0.016290342,0.011539645,0.003316549,0.04475955,0.005295321,-0.022251071,0.011869989,0.122222334,0.009129973,-0.036934923,-0.0026894347,-0.002986607,-0.05115878,0.0022084217,-0.07920826,-0.007808469,0.04341961,0.006804925,-0.041460972,-0.032162074,-0.042398814,-0.014073953
0.025205377,-0.0027095915,0.036707822,0.008011662,-0.009694457,0.030563798,0.044396393,0.044603903,0.058021035,0.039704856,0.0133705875,0.011805941,0.0017450114,0.04894817,0.0065838485,-0.031853884,0.0064222645,0.10904711,-0.0015901607,-0.030133285,-0.01268176,0.0063033095,-0.043729983,0.0011054745,-0.08913498,-0.00913058,0.034397952,0.00078722916,-0.044451363,-0.03945677,-0.04540992,-0.014856358
-0.03369894,0.0052221986,0.073657714,-0.0112622725,-0.07656548,-0.055351455,0.076636225,0.04164954,0.09512148,0.048863605,-0.054042242,0.007485111,0.009239562,0.07168418,0.009988665,-0.0070345,0.011226467,0.10191632,-0.0031888448,-0.060201067,-0.04461049,0.0074206656,-0.067008756,-0.03881917,-0.033254903,-0.023470208,0.015790781,0.024691304,-0.05934509,-0.07655688,-0.048051056,-0.03882136
0.028329773,0.0072918846,0.049413785,0.021920064,-0.004755207,0.00709181,0.058623847,0.03839562,0.06664622,0.05743539,0.005464998,-0.00285519,0.008854818,0.037162784,0.02094812,-0.013814614,0.027950922,0.10895286,0.012552811,-0.05089655,0.003992112,0.009970131,-0.07419187,0.004567599,-0.086531505,-0.00984934,0.037909705,0.021605344,-0.04837195,-0.026728563,-0.041320086,-0.052446026
0.023322256,0.005927977,0.03935266,-0.004680181,-0.00048724428,0.019571211,0.024204636,0.017535383,0.058362246,0.042981975,0.030538516,0.00019858131,0.012673021,0.039814472,-0.012413796,-0.028786205,0.016452601,0.08871809,-0.00012496678,-0.036598437,-0.006244229,-0.01291077,-0.049513005,0.0036422177,-0.10011177,-0.0077540386,0.04354479,0.019841839,-0.047390983,-0.007639625,-0.032777794,-0.048106432
0.009710336,0.019593332,0.04333777,0.010696671,-0.011537,0.025911603,0.036521386,0.036425084,0.066120565,0.040520463,0.022049725,-0.0045524,0.006931494,0.035608266,0.0056373123,-0.022531494,0.01076479,0.095549025,0.00053093943,-0.030089922,0.0063463035,0.0044932514,-0.061342593,-0.01279914,-0.07964999,-0.016059127,0.042977706,0.010943741,-0.050211813,-0.024692016,-0.031520046,-0.00557123
0.0045107915,-0.008542715,0.059215277,0.017233072,-0.0059039933,0.016719377,0.05393911,0.03228415,0.06318039,0.012338039,-0.0026128287,0.009752496,0.0069607403,0.064138226,0.012662517,-0.03413704,0.014942098,0.13686395,0.013052268,-0.05385134,-0.019361956,0.0018584018,-0.055100255,0.011135137,-0.06801651,-0.024632173,0.04302671,0.020890143,-0.044980016,-0.037623785,-0.047752913,-0.021723935
-0.0054817786,-0.029148098,0.055537704,-0.0039808387,-0.04055466,-0.010186154,0.064254425,0.055206083,0.06159894,0.039114103,-0.027895015,-0.0051188176,0.025543928,0.06716178,-0.004255255,-0.010580876,0.013016947,0.10567106,-0.008131489,-0.026277578,-0.03689915,0.019540176,-0.07292171,-0.01875572,-0.06403806,-0.018682543,0.015837265,0.02677836,-0.07400851,-0.05722732,-0.05530601,-0.03321703
0.025435809,-0.0021588437,0.03812203,0.0027146034,0.0074950736,0.015050335,0.057141215,0.04088257,0.043722663,0.029773233,0.01791416,-0.006296033,-0.0018994277,0.03813178,0.0163359,-0.0035728484,0.00086072297,0.11265344,0.009434137,-0.045515887,-0.0024439762,0.0040962338,-0.046725992,0.01635104,-0.0833985,-0.024311831,0.041433185,0.016636508,-0.05150224,-0.03980823,-0.040255878,-0.029587278
0.025536854,-0.00071882573,0.049160488,0.00917936,-0.009097513,0.01979232,0.04262685,0.034877528,0.06288557,0.030922191,0.010865392,0.0060521415,0.002636488,0.049336012,0.0021363238,-0.03663127,0.005730392,0.12966157,0.011502988,-0.038139597,-0.0053891093,-5.1590367e-05,-0.050179724,0.010117588,-0.07890856,-0.011943312,0.03707417,0.0045721773,-0.04995126,-0.026106851,-0.038364843,-0.014734427
0.025699217,-0.0066843457,0.049974784,0.019584548,0.005116992,0.01992545,0.06557352,0.044417568,0.03659629,0.051424988,0.002294197,-0.010412093,0.0064348322,0.05501673,0.019936128,0.005012467,0.021746201,0.11002625,0.013933432,-0.046977438,-0.009205119,0.026652528,-0.048783373,0.02095418,-0.080621034,-0.010409227,0.027655154,0.029606085,-0.0577089,-0.048892505,-0.054668423,-0.06232673
0.03482057,-0.0057729986,0.056199025,0.009149151,-0.021953423,0.0108069945,0.050910637,0.05184365,0.050003402,0.0608135,-0.006695898,0.00038829973,0.009295535,0.05479881,0.00808875,-0.008773688,0.031589225,0.116397835,0.013196704,-0.059212577,-0.007628033,0.016826496,-0.056986056,0.0071181166,-0.07989019,-0.022655845,0.035553694,0.032686397,-0.060059622,-0.04607382,-0.040503096,-0.049259942
-0.024583846,0.0058151055,0.075162716,0.009734258,-0.009707825,0.0112833325,0.053411737,0.0026566256,0.05979753,-0.0045478353,0.038594313,0.02014673,0.003886692,0.0735244,0.013486757,-0.006744582,0.01594538,0.12513363,0.013592872,-0.086451806,-0.044617068,0.045260955,-0.039247707,0.027138036,-0.031745672,-0.004201236,0.024156217,0.040561277,-0.076870665,-0.044559862,-0.039973885,-0.0284381
0.02704739,0.013170229,0.055003893,0.009591514,-0.010830806,0.011932511,0.053240735,0.03947519,0.066384844,0.024912009,0.011248358,0.009953497,-0.0048293914,0.04366873,-0.0004523638,-0.04503884,-0.009834975,0.13844211,0.003284187,-0.017480345,0.020346189,-0.0014571592,-0.058220558,-0.0023402495,-0.08457959,-0.017731017,0.051615164,-0.0013619118,-0.044595446,-0.02949177,-0.03870066,0.0033741475
0.020482134,0.0016235533,0.058320243,0.01435642,-0.0062480923,0.014884666,0.04545712,0.035841092,0.0645951,0.015345438,0.02121423,0.01216521,-0.004292357,0.051219147,-0.00097473315,-0.034865394,-0.0001342066,0.13400824,0.005215186,-0.035337888,-0.0014168505,0.00016398908,-0.049376063,0.01161919,-0.066505246,-0.018272739,0.043949462,0.011874438,-0.0470494,-0.03315694,-0.0434093,-0.009499558
0.023239106,-0.009451654,0.037589617,0.009076862,-0.019114925,0.015109922,0.042318624,0.026118848,0.079675294,0.036398683,0.013857889,0.019910663,0.002178247,0.049404178,0.0085763335,-0.034664437,0.013542415,0.11798198,0.015768664,-0.04157505,-0.016400365,-0.004378577,-0.052449983,0.0026612675,-0.08462715,-0.014343038,0.035783216,0.0077457274,-0.032971013,-0.039321035,-0.04328862,-0.026056724
0.02656349,0.015387052,0.060311887,0.004032368,0.0025303431,-0.009136618,0.06603883,0.04491126,0.09602436,0.059099846,0.0038547968,-0.0030900892,3.9634644e-05,0.037296716,0.0010507123,-0.038926087,0.0060822256,0.12226245,0.008125915,-0.052863795,0.024059424,-0.002776872,-0.093542755,-0.033283126,-0.07319019,-0.03372976,0.059357192,-0.0063709794,-0.027756644,-0.031693544,-0.024259195,-0.019598652
0.01644235,0.002481022,0.043942556,0.011302542,-0.007563375,0.027755532,0.04413572,0.037050873,0.06448128,0.041191813,0.011743611,0.017878179,0.0016888364,0.05289849,0.004907136,-0.037153307,0.0051512537,0.11389667,0.005949338,-0.03509247,-0.004035529,-0.0017712356,-0.041176446,-0.003610907,-0.08829715,-0.010235787,0.037566286,0.008256419,-0.05277653,-0.032201193,-0.045263674,-0.023810014
0.016467817,-0.0026934738,0.037409697,0.008250768,-0.023719681,0.019222947,0.033913445,0.041210398,0.06727022,0.028120935,0.016131742,0.029386224,-0.0056632943,0.053666163,0.0015351592,-0.02748334,0.002284508,0.11659437,0.0065448633,-0.031289507,-0.022164542,-0.0013141229,-0.032210596,-0.0019273028,-0.07832644,-0.016084239,0.04168424,0.013581457,-0.048764482,-0.04468981,-0.042823628,-0.0061129276
-0.051948987,0.0054992028,0.058473654,-0.064952,-0.08412017,-0.08506931,0.04443698,0.057709306,0.12734419,0.08133672,-0.0617849,0.04138434,0.039114736,0.08317393,0.0023195632,0.0021618286,0.03849845,0.14713956,0.010149272,-0.116610005,-0.014964394,0.015087058,-0.05387405,-0.058611825,-0.064934686,-0.07835668,0.04198937,0.014453147,-0.086018205,-0.090329185,-0.025992837,-0.020811208
0.02648923,0.012352537,0.03706413,0.0012600333,0.016128516,0.0026505436,0.05251958,0.033704836,0.080497384,0.037193544,0.022931736,0.007967449,-0.015554194,0.050919328,0.022315733,-0.034360707,0.014957781,0.1271112,0.027413493,-0.053175423,0.004258808,0.004249033,-0.07415047,-0.003967902,-0.06608261,-0.011065553,0.04411242,-0.009123562,-0.02381261,-0.030232044,-0.03498298,-0.012006006
-0.024006585,0.014627484,0.0843465,0.018505119,-0.06316331,-0.04366312,0.0866129,0.033916943,0.0745749,0.023839032,-0.016178057,-0.00645869,0.006327854,0.0693188,0.010277472,-0.008966113,0.01058317,0.08365799,-0.0120091755,-0.031424634,-0.047382005,0.010448148,-0.06101018,-0.017048372,-0.023743398,0.007316352,0.026372187,0.028314378,-0.03579917,-0.082334384,-0.07610969,-0.044128843
0.018465407,0.020406067,0.042965923,-0.002979694,-0.009642602,0.016130945,0.05792334,0.0536568,0.08446559,0.0677076,-0.0108492,0.016603848,-0.0048511312,0.034890212,0.008864497,-0.03914496,0.012808494,0.11885718,-0.010549397,-0.060647182,0.0076592155,-0.0027729631,-0.072610945,-0.029101383,-0.07728761,-0.047113705,0.05354364,-0.01371021,-0.040790174,-0.026488815,-0.028926522,-0.0037378299
0.017071592,-0.0062342444,0.059200898,0.0073781363,0.019354364,0.008394443,0.045732412,0.025484744,0.07088709,0.032171164,0.018129626,0.015545011,0.0018195794,0.06335992,-0.0028400242,-0.028327163,0.027717503,0.11068051,0.014606217,-0.02187864,-0.000112326234,0.0044241166,-0.07295276,-0.0033543438,-0.096960954,-0.0023531653,0.03628213,0.010818847,-0.058299493,-0.001426084,-0.047925834,-0.03143903
0.020846477,0.0055124,0.046043877,0.017857948,-0.012881049,0.01712538,0.045456767,0.031822205,0.06883062,0.022807283,0.012998601,0.0015231293,0.0017086098,0.049162388,0.013378674,-0.026822722,0.0070072925,0.119279064,0.011030052,-0.05116569,-0.0048402855,0.010614361,-0.059182495,0.0063774553,-0.08171013,-0.014202178,0.04283971,0.018830502,-0.045424525,-0.028450737,-0.03660147,-0.014856006
-0.06424375,0.04768222,0.051916957,0.00037014368,-0.040105257,0.048432212,0.013091531,0.02661587,0.06539704,0.054317392,-0.021252116,-0.0257735,-0.0024927314,0.021655533,0.09052255,-0.040422484,0.008467658,0.050886076,0.03637154,0.000529271,0.011678515,-0.0065467604,-0.0513069,-0.025856543,-0.022320472,0.00760274,-0.0148106115,0.0073395176,-0.03358555,-0.0043162135,-0.04785117,0.034735575
0.020357544,0.011123661,0.03710106,-0.009541541,-0.01900951,0.0026896787,0.024241671,0.020309072,0.06957781,0.03420157,0.0055716136,0.008868233,0.006570023,0.038908284,-0.012458919,-0.033601277,0.02196446,0.11508712,-0.009843575,-0.063274585,-0.023334417,-0.028406844,-0.04205331,0.003354919,-0.081818625,-0.023788778,0.058594167,0.038688514,-0.027855169,-0.023242664,-0.027913896,-0.020125084
0.00842674,0.0018403148,0.043297235,0.005566136,-0.0027378793,0.011040449,0.04161349,0.036664605,0.06717118,0.052683663,0.004398919,-0.001186348,0.007948498,0.041289106,0.01848967,-0.016051339,0.022983361,0.11518559,0.022268513,-0.057833936,-0.0016983266,0.0071747997,-0.061139204,0.00085190596,-0.07578168,-0.010924855,0.030023975,0.018198594,-0.05277505,-0.033686455,-0.02973461,-0.034990832
0.016056683,-0.0047300686,0.06867789,0.012181803,-0.0125284055,0.01434837,0.053523533,0.03725034,0.060148735,0.04474075,0.008591687,0.008499048,0.0007524254,0.053911023,0.013239596,-0.02611249,0.0193201,0.12293386,0.005252631,-0.041641634,-0.010308071,0.011668682,-0.06330581,0.0053831744,-0.074112214,-0.011873183,0.040825166,0.0063793235,-0.05569955,-0.028952336,-0.038840335,-0.014563301
0.0077221417,0.007383334,0.030678824,0.030347334,-0.011135073,0.015351993,0.02487995,0.027571514,0.06127125,0.028989669,0.0069106305,-0.0038615058,0.0031288527,0.039253604,-0.007585588,-0.02315462,0.020887176,0.12360604,0.008974804,-0.052543625,-0.0043571857,-0.0016861743,-0.05463303,-0.009688171,-0.08279853,0.0031674574,0.040993065,0.017126977,-0.04795125,-0.021697257,-0.027124047,-0.027317964
0.020911539,0.00216051,0.038872264,0.006177439,-0.006610305,0.023956483,0.032112416,0.030231157,0.074412115,0.03276187,0.012558773,0.010726071,-0.0025918686,0.040567063,0.003691345,-0.041668806,0.004766799,0.11574223,-0.00219488,-0.03153822,0.0020738272,-0.0048283325,-0.047905046,-0.006487805,-0.08439973,-0.010506024,0.032606658,5.3149706e-05,-0.045614913,-0.024363447,-0.03844119,-0.005919936
0.020180663,0.0047751386,0.03618882,0.011237025,-0.01616092,0.024684155,0.0374634,0.042016964,0.063743494,0.033854615,0.009929131,0.01994924,-0.0006898709,0.04740901,0.01609765,-0.030641673,-0.0008148432,0.12109334,0.015527337,-0.031391952,-0.0067759687,-0.004782242,-0.04457545,0.009902334,-0.08477585,-0.016412685,0.043748885,0.015497366,-0.04887855,-0.03843192,-0.04440562,-0.012037917
0.008725122,-0.0650243,0.032740988,-0.018772293,-0.028251154,0.022200335,0.036111955,0.068939775,0.056677748,0.038028024,-0.035360474,-0.0064194873,0.04817058,0.05516048,-0.01205161,-0.012945792,0.009779343,0.10815738,0.0031088379,-0.018694673,-0.025574617,0.015321205,-0.06864628,-0.00938565,-0.0942821,-0.02272384,-0.00025407458,0.01590286,-0.08423061,-0.023039546,-0.044537555,-0.01964131
0.027121771,-0.004611303,0.059697784,-0.0007807963,-0.009962425,0.015323825,0.067611925,0.04434435,0.08374787,0.032608386,-0.0018331192,0.011768166,0.011572954,0.06441148,0.011722494,-0.038532007,0.014532066,0.116771504,0.009586976,-0.050841242,0.0028637082,-0.0020496156,-0.063203335,0.0007775554,-0.081067,-0.01010302,0.040697224,-0.0006686887,-0.04898502,-0.031214103,-0.043527495,-0.017449433
0.018786209,-0.0010300241,0.046190575,0.015112581,-0.008247586,0.013867171,0.041094303,0.03497561,0.068553224,0.035382796,0.012430361,0.007678589,0.009241991,0.048214015,0.018004088,-0.032416172,0.00399543,0.12714659,0.024197219,-0.038022242,0.0013871797,0.0049100313,-0.057112224,0.0048980876,-0.06620195,-0.0149474805,0.034850128,0.012265594,-0.051635414,-0.031950008,-0.040573493,-0.015262775
0.013001373,0.0017146236,0.048507374,0.009015235,-0.0024430377,0.01773,0.039127458,0.037006076,0.061528794,0.032546666,0.0140778655,0.009188694,-0.0011983593,0.04885711,0.006866377,-0.029750092,0.007603375,0.12609734,0.018819088,-0.042932235,-0.0028945876,-0.0043435805,-0.04774454,0.0069851275,-0.07658364,-0.011646989,0.03457275,0.009488076,-0.053001218,-0.026647292,-0.03651352,-0.0144323185
0.010311915,-0.008465476,0.044411037,0.015643133,-0.0039130915,0.017637754,0.039288025,0.031489197,0.060042243,0.026193982,0.012307527,0.0028658912,0.0026549157,0.04945365,0.008283682,-0.024914404,0.0099566,0.12790124,0.017857268,-0.04372379,-0.012137934,-0.0018041856,-0.053584836,0.011054562,-0.083959505,-0.010207027,0.03231978,0.010425762,-0.047142476,-0.02351261,-0.044921063,-0.017967608
0.01733648,-0.004732406,0.05147419,0.011947876,-0.0036190024,0.022515194,0.04177991,0.030891845,0.060593016,0.024669692,0.01612896,0.009013387,-0.0015857067,0.052986693,0.0089185685,-0.032173138,0.00733946,0.12781107,0.015188819,-0.033910546,-0.008322378,-0.0028286523,-0.051683754,0.016620476,-0.08213458,-0.01436016,0.04359013,0.0066613676,-0.045512624,-0.02949995,-0.048507236,-0.013242672
0.011854142,0.014472938,0.052102566,0.014533954,-0.0073235654,0.023879558,0.04242372,0.028714051,0.06193063,0.032757055,0.013983057,0.007411388,-0.00059440895,0.051241945,0.007141743,-0.035724297,0.012334956,0.12988164,0.01834619,-0.030890778,-0.0023841052,0.003079329,-0.05444333,0.004187943,-0.07572837,-0.017530829,0.038988344,0.013299994,-0.047708172,-0.02175387,-0.036030136,0.0015337076
0.024446726,-0.007879033,0.044525072,0.011332187,-0.015524816,0.022141214,0.04571307,0.033277906,0.06428526,0.033861116,0.0067879977,0.014823685,-0.0061269626,0.048904628,0.016318625,-0.031524908,0.016680034,0.12104984,0.0073517836,-0.04928461,-0.009973237,0.0062608873,-0.049095035,0.009462022,-0.0809186,-0.01774397,0.031638034,0.003661754,-0.045889016,-0.034361254,-0.045964636,-0.030488739
0.023157524,0.0058675455,0.052971687,0.0025585063,-0.001770101,0.01057553,0.041317686,0.02537744,0.06226502,0.049672786,0.010305532,0.0065258825,-0.0008602575,0.046593767,-0.0008233325,-0.024640944,0.027201038,0.115399085,0.01004827,-0.041222543,-0.007252196,0.010186871,-0.052720174,0.0029329474,-0.08636876,-0.009039999,0.040724494,0.016303988,-0.04415957,-0.023877883,-0.032669704,-0.029302087
0.02284621,-0.002624982,0.050116155,0.015139118,-0.02070337,0.016539712,0.04043438,0.042997334,0.064227395,0.020584777,0.020636234,0.025992483,-0.009421078,0.045089886,0.0016116821,-0.043487933,-0.015645623,0.1394383,0.014641533,-0.018621547,0.002603541,-0.0033040245,-0.04388134,0.0011341504,-0.065704495,-0.020589229,0.042407393,-0.0037440185,-0.04976607,-0.043821197,-0.043503623,0.018739145
0.018619368,-0.003279623,0.056401413,0.007995991,0.0009814643,0.014936464,0.06897314,0.05340405,0.066198766,0.048475564,0.010583452,-0.0007009065,0.015435649,0.055789005,0.0147821205,-0.020123111,0.0009523431,0.11466766,0.012289927,-0.04775969,-0.009148091,0.0032373108,-0.05384419,0.00715049,-0.0643385,-0.013742527,0.041714743,0.018015355,-0.04723315,-0.053794764,-0.052917104,-0.03361585
0.032825783,-0.051716186,-0.0131504,-0.057639614,0.00890468,0.019859843,-0.047833078,0.059036575,0.0043259743,0.014667204,0.07613194,0.04661189,-0.014187336,0.09346829,0.05796963,0.012344053,0.03499548,0.08820933,0.073578864,-0.07900968,-0.10295212,0.02526021,-0.018555736,0.09565574,-0.048174705,-0.023083504,0.03342517,-0.020920755,-0.03959892,-0.053962454,-0.057363063,0.020717792
0.023179358,-0.005497548,0.043339275,0.010462818,-0.014275942,0.006729097,0.05374549,0.042319763,0.07179162,0.05569534,-0.005934638,0.006180276,0.014711065,0.039855734,0.019484842,-0.013586545,0.02079416,0.11366206,0.014430556,-0.05612325,0.0035687315,0.008117537,-0.06310536,-0.0042559933,-0.082418926,-0.01505854,0.028330242,0.023188427,-0.057133354,-0.038382977,-0.043493412,-0.048580814
0.02294196,0.015293704,0.03990519,0.006031016,-0.012021825,0.03446708,0.03217859,0.037453163,0.06999863,0.041119065,0.016072247,0.01248242,-0.00041460327,0.04006847,0.00420834,-0.04194418,0.014371652,0.107702084,-0.0053881695,-0.033414684,-0.008938938,-0.012715737,-0.044567477,-0.0013984432,-0.08050467,-0.013219049,0.03475111,-0.0041363733,-0.038643032,-0.02827033,-0.037257243,-0.002421798
0.0201089,-0.0032362363,0.03158281,0.010051414,-0.0020632362,0.022009963,0.030271146,0.021242447,0.07171804,0.003947622,-0.011237441,0.009988875,0.015343299,0.06541684,0.02084897,-0.05285545,0.022772588,0.1261514,0.031281475,-0.028856808,-0.013021253,0.005758002,-0.04395282,0.013437788,-0.07599431,0.007835838,0.0383609,0.028440803,-0.040504113,-0.0033006542,-0.04797624,0.005725681
0.013547744,-0.0059010014,0.048159476,0.017979484,-0.007756894,0.021792471,0.04003568,0.03296987,0.055229295,0.023301112,0.014925197,0.0074926266,-0.0036636372,0.05324495,0.003027325,-0.031212589,0.0104311425,0.123808995,0.017204288,-0.03641466,-0.007584702,2.3269611e-05,-0.0555508,0.0065126983,-0.07883298,-0.012840011,0.03592752,0.017565217,-0.049649592,-0.027006453,-0.038020976,-0.016438814
0.01893954,0.01307969,0.028242774,-0.0017978038,-0.0009088492,-4.4810004e-05,0.040968865,0.026017264,0.07147064,0.004821935,0.02191513,0.0012904389,-0.006816817,0.036807787,0.01796698,-0.034499772,-0.00714515,0.108874366,0.013025482,-0.04557673,0.004926762,-0.002040932,-0.0409596,0.0032130745,-0.06310584,-0.029137315,0.027213622,0.00944901,-0.046513513,-0.02865921,-0.044815537,-0.008018216
0.0214621,0.00854141,0.045889042,0.02127919,-0.009585044,0.014441158,0.031563602,0.032148093,0.068104155,0.03330738,0.017800746,0.014957405,0.0049215597,0.056702636,-0.003700879,-0.033530746,-0.00058414775,0.11684651,0.005601947,-0.015549114,0.002916151,-0.018074116,-0.05015131,-0.008392815,-0.075920835,-0.017675404,0.04008801,0.007999063,-0.06146164,-0.026405396,-0.042990416,-0.00996234
0.021644376,0.009346271,0.054875985,0.0061192806,-0.0007467151,0.021232054,0.052800618,0.03342963,0.071057856,0.04746573,0.014508905,0.017311411,-0.0023387116,0.055879645,0.0028711455,-0.042173482,0.008964419,0.1223541,0.0034429703,-0.0462132,-0.00022008072,-0.0014025156,-0.044706304,-0.0019111786,-0.084064536,-0.015010379,0.039385706,0.0149182845,-0.050225638,-0.03274469,-0.040997747,-0.026412917
0.004766461,-0.0023915735,0.057638623,0.0015583674,-0.00495425,0.0076248795,0.05843435,0.032605585,0.07565512,0.036574453,0.0054077283,0.018021816,0.0011197127,0.05901247,0.008966435,-0.028814996,0.014523973,0.13083987,0.02207187,-0.044450097,-0.011240231,0.018335959,-0.051738866,0.0016378126,-0.06694975,-0.019384664,0.03732428,0.019150598,-0.04623821,-0.041339062,-0.04702457,-0.017900474
0.01239869,0.00574384,0.04428651,0.012050962,-0.0003603131,0.035404235,0.040935248,0.031295188,0.061353933,0.048284523,0.019131515,0.01897232,-0.003592146,0.052815363,0.0062824665,-0.038707107,0.0049256166,0.11018255,0.0048994725,-0.03402294,-0.01081513,-0.008916515,-0.033522975,-0.0018001794,-0.08123895,-0.013594812,0.039398223,0.00904472,-0.04917444,-0.03615909,-0.04122786,-0.020328576
0.013343391,0.0027980048,0.047382973,0.017865844,0.0011862621,0.02005811,0.064880595,0.04392941,0.051011305,0.055602744,0.011204944,0.006980758,0.009436364,0.049606517,0.029117197,0.0012704328,0.017993098,0.11137151,0.020643871,-0.041652367,-0.014212343,0.012980547,-0.05539012,0.01800945,-0.07770593,-0.0045282342,0.035057224,0.027959524,-0.051794916,-0.04875354,-0.050648015,-0.04760693
-0.0044338573,0.025893258,0.033818655,-0.00519263,-0.0058182795,0.005454216,0.060587607,0.016034145,0.07788065,0.0035325808,0.022603022,0.04232705,-0.0055667777,0.048915356,0.017882515,-0.053813595,0.006334745,0.11612672,0.0036900481,0.0065014013,-0.04205438,0.013174171,-0.062283043,0.0049818903,-0.062759794,0.024314223,0.029735245,0.040067926,-0.025125394,-0.026356213,-0.055751532,-0.004422291
0.016416674,0.011971671,0.058801714,0.0037835818,-0.0071571916,0.01828672,0.05375544,0.037093956,0.07185264,0.041041743,0.016177032,0.017483577,-0.00037565618,0.053163595,0.005445893,-0.037999835,0.0050926968,0.11972038,0.0061477534,-0.041486327,0.0019742008,-0.0017425067,-0.046959374,-0.0031631305,-0.07915785,-0.014250352,0.034627195,0.006098762,-0.052370183,-0.03498921,-0.04334766,-0.021409914
0.020300519,-0.006842337,0.050151505,0.012731838,-0.012436644,0.018988898,0.036594365,0.03360473,0.064807266,0.02389665,0.012391575,0.008159914,0.0047926637,0.04899705,0.008589387,-0.031013014,0.010641934,0.123994075,0.013130731,-0.040371764,-0.009585395,-0.0012265791,-0.053016126,0.011410054,-0.080073975,-0.012279082,0.039338004,0.0073907217,-0.042978775,-0.030194834,-0.048773356,-0.016505955
0.017344974,-0.00966586,0.04164765,0.011975268,-0.00012259482,0.019923327,0.03978656,0.030090826,0.06576177,0.01973276,0.012936492,0.0046207947,0.0067854673,0.05049597,0.009987274,-0.029867863,0.008074518,0.12216396,0.019387402,-0.037497066,-0.009306387,-0.010694355,-0.059010997,0.010549188,-0.0821457,-0.0053356425,0.033283085,0.007633684,-0.047709934,-0.020334247,-0.046528663,-0.014836675
-0.045859944,0.05132834,0.02755326,0.016342336,-0.034126047,0.024906773,0.06462262,0.037769873,0.082987115,0.029537266,0.044180296,0.051741876,-0.012943811,0.018968944,0.05652769,-0.020578636,-0.002404527,0.0797971,0.016297974,-0.012477713,-0.075351335,-0.049971648,-0.060138077,0.017686289,-0.043930266,0.022243153,0.037701923,0.038470116,-0.016699394,-0.056672934,-0.046035834,0.0012118322
0.01048924,0.011070585,0.037812036,0.018264946,-0.017718503,0.017787179,0.04404947,0.033574183,0.06334727,0.024854055,-0.018685393,0.0087447455,0.005024401,0.047242112,-0.00038939348,-0.03523576,0.018204348,0.12052536,0.0013191947,-0.036575317,-0.018729348,-0.0037947753,-0.046230726,0.009587569,-0.08872967,-0.031380374,0.04713708,0.027972315,-0.036418106,-0.032022152,-0.05517552,-0.010035274
0.02693362,-0.003364873,0.06697555,0.010551842,-0.0035493008,0.0060296594,0.05687098,0.03354823,0.072994106,0.038018502,0.020736014,0.0045491834,-0.0026415605,0.05515546,0.014137909,-0.026863575,0.017794829,0.12851305,0.017544473,-0.052974004,-0.0061126067,0.025472056,-0.072647214,0.0066436827,-0.069941424,-0.018127855,0.04399844,0.018265782,-0.045631148,-0.040462617,-0.041254748,-0.02648406
0.025165545,0.008469529,0.04356678,0.009991924,-0.016565396,0.021315737,0.03642945,0.036906675,0.0661768,0.036788005,0.007476271,0.009820913,-0.004211584,0.04990574,-0.004587752,-0.041932195,0.013348242,0.116642326,-0.003379634,-0.035355866,-0.006246349,0.005622574,-0.04864225,-0.003121762,-0.08086148,-0.012099633,0.03442205,0.0023099675,-0.041099563,-0.03277858,-0.04005153,-0.008415985
0.008483679,0.004770336,0.05811369,0.0048536877,-0.0046537877,0.0031069773,0.053815007,0.03198616,0.07140684,0.040738218,-0.010921512,0.0004963506,0.0069998857,0.039425645,0.022728441,-0.023767944,0.026324188,0.12412642,0.020200131,-0.054895326,-0.008096214,0.006772927,-0.06583542,0.0024144012,-0.07372856,-0.023469266,0.038971145,0.022272402,-0.036602803,-0.03016966,-0.040063266,-0.022183664
0.014708601,0.007733361,0.058522183,0.012093505,-0.0040861396,0.031563066,0.043504193,0.03185959,0.070483595,0.039702497,0.020935494,0.022055894,-0.010724637,0.050045647,-0.0053096707,-0.044700824,0.017387403,0.12608537,0.0016199548,-0.021886092,0.0019786735,0.0036141244,-0.049959112,-0.011171025,-0.06994153,-0.025602084,0.036407884,0.01524358,-0.055780403,-0.022916198,-0.03327627,0.011158163
0.016654335,-0.011046945,0.054531664,0.014163193,-0.0087528685,0.02115826,0.057550248,0.04741389,0.062954694,0.037274536,0.0057987226,0.013800566,0.0081005525,0.059596054,0.014855887,-0.02715769,0.018843614,0.11625716,0.016602447,-0.03734888,-0.008113766,0.016071409,-0.057570063,-0.0031671391,-0.07160442,-0.022627348,0.045455854,0.021035438,-0.057479862,-0.036756635,-0.04733591,-0.01991958
-0.010480532,-0.031158116,0.09494153,0.01716779,-0.041005768,-0.017005466,0.046499215,0.058075152,0.051593415,0.04006639,-0.038648274,-0.016309379,0.033539303,0.06565089,-0.022980792,-0.041587926,0.012111692,0.12821537,-0.005757534,-0.014114041,-0.017168043,0.004787155,-0.08552537,-0.0019026387,-0.06674583,-0.004775405,0.013899091,-0.0069949706,-0.087181665,-0.007737685,-0.043010868,-0.004614628
-0.04280828,-0.023253188,0.047723252,-0.04367233,-0.101497725,-0.026181938,0.0290667,0.06148182,0.13691519,0.10005311,-0.07281065,0.029484838,0.030029606,0.055881836,-0.0036640328,0.008191943,0.00049990136,0.12833822,0.028974745,-0.08953036,-0.05211299,0.008495191,-0.055956855,-0.061080217,-0.058323592,-0.065483235,-0.012193652,0.009387353,-0.058086477,-0.09496188,-0.01089609,-0.034504823
0.017841998,-0.009139989,0.058447607,0.011049303,0.004316362,0.001524702,0.051534995,0.038447045,0.046939828,0.04294077,0.012592266,-0.003819437,0.0042615756,0.06365352,0.015311177,0.009399916,0.022823347,0.11094993,0.017422045,-0.05274106,-0.021715578,0.020561649,-0.048722103,0.014555196,-0.0707028,-0.0065809847,0.031728465,0.018321924,-0.059228208,-0.04902275,-0.05116248,-0.046522986
0.01731191,-0.013495926,0.039879467,0.004066067,-0.0067848703,0.022433303,0.05892705,0.04036543,0.053492207,0.01564869,-0.0027008397,0.0079444535,0.0070861955,0.05669998,0.014917183,-0.023671646,0.009656216,0.13206626,0.020371402,-0.043891788,-0.008754293,0.021134695,-0.05659438,0.00844295,-0.08855397,-0.017416209,0.032093897,0.023909593,-0.04971069,-0.037149765,-0.04739511,-0.01871132
0.044108186,-0.0057029394,0.02333378,0.0021336493,-0.012816414,0.02042231,0.028795812,0.029067028,0.06324412,0.022303253,0.0036657923,-0.00874192,0.010466948,0.0340102,0.0060644094,-0.047949515,0.0045493846,0.10561793,0.0016348452,-0.03480635,0.0004546967,-0.006214168,-0.06354922,-0.0013013124,-0.0884824,-0.02417267,0.046474807,0.019206557,-0.044253368,-0.017438369,-0.021344922,-0.014119538
0.03948161,-0.0070484113,0.046941333,0.0036686766,-0.026564155,-0.0025793938,0.0462418,0.0150496885,0.06559834,0.013971791,0.023579996,0.02347167,-0.0042450903,0.06801914,0.030246552,-0.025583204,0.042642638,0.096587814,-0.008163915,-0.064515136,-0.059612017,0.042748652,-0.082694605,0.02749252,-0.06189063,-0.015047105,0.050936587,0.055051636,-0.052279864,-0.03591966,-0.04365967,-0.05692017
0.021078411,0.013571954,0.054205857,0.0032460226,-0.0036155728,0.02038752,0.053613953,0.034333356,0.073806904,0.044876665,0.017644076,0.021012098,-0.004708229,0.053023167,0.00032605656,-0.04158985,0.004893483,0.11997111,0.0001344516,-0.046227958,0.0014017812,-0.00442064,-0.04511678,-0.0019347027,-0.08528557,-0.018816207,0.042106982,0.013733198,-0.045783333,-0.03535504,-0.042132016,-0.025591753
0.020522228,0.013195277,0.052133016,0.00052363495,-0.006015791,0.023615971,0.052041885,0.03276086,0.07264508,0.04414546,0.023015935,0.028040815,-0.0040925248,0.0534562,0.0022430962,-0.043912627,0.005763565,0.1177557,0.0012866079,-0.043374527,-0.0071035097,-0.009548556,-0.039133254,9.027874e-05,-0.08198716,-0.019065829,0.041569985,0.017742893,-0.04594746,-0.03686682,-0.041252647,-0.021931095
0.021621022,-0.0026923323,0.045614995,0.01025411,-0.005540802,0.008524645,0.043843884,0.038310517,0.060913894,0.03186188,0.0024590862,0.0011215967,0.007485024,0.0481079,0.011901804,-0.016152233,0.018073764,0.116698846,0.018162021,-0.052683327,-0.01570019,-1.1965429e-05,-0.06618148,0.011061912,-0.08090906,-0.016678989,0.038890813,0.01974997,-0.03873652,-0.036813807,-0.041036487,-0.03949677
0.009678477,0.00570882,0.05614471,-0.011043323,0.042367764,0.047556777,0.035732698,-0.019411128,0.052954286,0.021752825,0.03828026,-0.001579844,0.010237954,0.07005205,0.0008516932,-0.030674227,0.028575217,0.11140065,0.0056790244,-0.03523845,-0.015708735,-0.026783979,-0.025558975,0.025021294,-0.08320398,0.03074504,0.047961965,-0.011371031,-0.04448306,-0.012196222,-0.016985025,-0.01363015
0.018678851,0.012335086,0.058985848,0.0036554364,-0.0045544053,0.016030248,0.05590197,0.035005357,0.07540994,0.04593297,0.015931334,0.020569755,-0.003931928,0.05605863,-0.0008521718,-0.04070404,0.005680375,0.12173385,0.0012996568,-0.045446265,0.0010677491,-0.0038703862,-0.04724854,-0.0049030185,-0.08222697,-0.018611936,0.041293498,0.013069822,-0.046992935,-0.037168365,-0.042540826,-0.025822062
0.020233015,0.0077677956,0.044235583,0.0046889805,-0.007985307,0.011796015,0.049050685,0.034005992,0.066071995,0.04928495,0.013748082,-0.0006634871,0.0009973417,0.044361956,0.002230257,-0.029570708,0.006253962,0.124613926,0.007541181,-0.03824475,0.0024888532,-0.010190692,-0.056418978,-0.00714755,-0.077979915,-0.009919329,0.042911995,0.008407784,-0.048701517,-0.030908575,-0.02425007,-0.02049954
0.027331168,-0.037695862,0.037066232,0.03201239,0.02204569,0.055428635,0.029650193,0.020324944,0.026934162,0.037302732,-0.0057168556,-0.06329833,0.037084676,0.07818145,-0.009489183,-0.0686958,0.033133123,0.12450787,-0.00520543,0.002985084,-0.0066178255,-0.0010912707,-0.0330976,0.020886978,-0.07771417,0.020547045,0.031845164,0.041656133,-0.08367238,0.009283109,-0.03335652,-0.025554322
0.022784656,-0.0016384558,0.047752615,0.014356471,-0.008929779,0.016976623,0.0412056,0.033786077,0.068719715,0.024715567,0.013597077,0.011704844,0.0018121054,0.05137185,0.005208893,-0.030711798,0.0070816707,0.12530549,0.010745208,-0.037053846,-0.0055585215,0.0016888673,-0.050557494,0.007854527,-0.082876906,-0.014298776,0.040982082,0.008683468,-0.04479452,-0.031006007,-0.04600484,-0.015472369
0.0215152,-0.00035512514,0.052168243,0.0015024414,-0.007925289,-0.0011604463,0.05984831,0.03750991,0.069947936,0.039637685,0.0067483447,0.003792838,0.0032810774,0.041788224,0.01156387,-0.0184172,0.010223994,0.12159452,0.0072949794,-0.042958293,-0.0004761715,0.00395403,-0.067684084,-0.002579345,-0.086646914,-0.021416,0.04086331,0.015265002,-0.049119398,-0.03211622,-0.03858824,-0.029500194
0.029694695,-0.015891887,0.03433799,0.0074398858,-0.008782571,0.024120944,0.0434104,0.031159172,0.071244515,0.016874835,0.008380078,0.009726613,0.008598121,0.06045828,0.008417802,-0.036991213,0.005852595,0.12005101,0.01822039,-0.045454867,-0.009702658,-0.00096336997,-0.042676866,0.012215654,-0.080560714,-0.015817065,0.0405318,0.024414033,-0.044871837,-0.04033421,-0.052486725,-0.027809052
0.020025395,-0.03346697,0.0077379206,0.00025516842,-0.0064505776,0.046780366,0.010493197,0.0040133363,0.016404428,0.005007229,0.025205692,0.0073466664,0.0018781945,0.06556688,-0.02626029,0.026055029,-0.03380568,0.11916013,0.019299388,-0.03819763,-0.027889468,-0.04933744,0.0071333777,0.05539588,-0.013544891,0.011456581,-0.00036384538,-0.02468467,-0.1496011,-0.06291945,-0.039177187,-0.04186399
-0.0014659582,0.064098425,0.06124398,-0.008909976,0.04547164,0.055188615,0.030318642,0.0047382778,0.07572384,0.072783254,0.041510925,0.02281808,-0.0022429915,0.04843533,0.010992855,-0.04489709,0.011441415,0.15672174,0.025598813,-0.033397313,0.007388607,-0.044583872,-0.074825294,0.00062289834,-0.07991429,-0.0004545473,0.051377892,0.046793796,-0.034159567,-0.021749716,0.020316612,0.015145658
0.010993087,0.011910696,0.047204897,0.0040350733,-0.013700276,0.019808548,0.04409241,0.03051239,0.06867038,0.019102398,0.0034435003,0.015619038,-0.0060328557,0.04198394,0.0041247243,-0.040620353,0.0049243327,0.12576553,-0.0010150224,-0.024322478,-0.0063302335,-0.00856485,-0.04710677,-0.002616688,-0.08768593,-0.020999534,0.046216942,0.0027419187,-0.041313402,-0.025318561,-0.045928866,0.00090985064
0.017510585,0.003924138,0.046533246,0.00756244,-0.0026724674,0.013835779,0.04518327,0.030588439,0.06625662,0.028838195,0.015618395,0.0110525405,0.0007984367,0.056586765,0.0113163935,-0.03122402,0.0124543,0.122982934,0.020723669,-0.042214394,-0.0014534916,0.00479884,-0.053891584,0.0041568875,-0.07729875,-0.008430761,0.032799337,0.016913563,-0.051984902,-0.02509019,-0.04036069,-0.01760383
0.011144155,0.015665261,0.05445114,0.013322478,0.005687006,-0.0012781881,0.06241576,0.022856273,0.083427444,0.04020916,0.021961434,0.014641304,0.0129132075,0.049611777,0.019224059,-0.032957517,0.013118724,0.12648329,0.020941382,-0.06375763,0.013704218,0.017945187,-0.08666517,0.0051464513,-0.0631076,-0.0073345974,0.037891842,0.026062144,-0.044081982,-0.013476363,-0.035451066,-0.03348068
0.0026135682,0.027710244,0.052020296,-0.0026318333,-0.005888453,0.010239688,0.044481937,0.029577376,0.068600714,0.046706088,-0.0036709958,0.018738989,-0.010525625,0.038673997,-0.004042116,-0.021353623,0.020665525,0.113400936,-0.0029150364,-0.04114669,-0.0025682314,-0.015848625,-0.052171048,-0.014532198,-0.09073011,-0.012776012,0.041982677,0.012534687,-0.040399242,-0.022456788,-0.030346684,-0.017962854
0.021101428,0.009502656,0.04942849,0.010583086,-0.012816174,0.01110121,0.05564228,0.041642446,0.06701604,0.013632323,0.010745763,0.010786304,0.009680484,0.050434377,0.00026670273,-0.035456214,0.0069735115,0.11190899,0.009920464,-0.04593803,-0.0119469045,-0.0053886287,-0.04408015,-0.0018843011,-0.07291241,-0.022868231,0.05649774,0.023708059,-0.022136737,-0.050911054,-0.049383335,-0.017653622
-0.008079423,-0.01874824,0.0316272,0.009406998,-0.046254802,0.008462661,0.044790514,0.036152497,0.082987905,0.05261777,-0.040712953,-0.009164568,0.026562223,0.04880373,0.02272359,-0.04418483,0.031682663,0.1306692,0.032356575,-0.07233414,-0.025608338,0.0011104066,-0.075949945,-0.010330318,-0.06008475,-0.018541906,0.01575785,0.025295705,-0.04108461,-0.026648954,-0.0029237815,-0.03126364
-0.009677182,0.0026290754,0.07873683,-0.022192564,-0.013288214,-0.013042539,0.07930845,0.028716203,0.10039628,0.02316031,-0.026939888,0.031103702,0.015453026,0.07224877,0.0093799485,-0.018725531,0.015157737,0.13148771,0.01371519,-0.033273518,-0.027415019,-0.00042233418,-0.061472602,-0.017039945,-0.08487545,-0.0049847565,0.02981653,0.0154143125,-0.033412695,-0.037512604,-0.04873778,-0.017105857
-0.0058889296,-0.015878417,0.0850222,-0.024853028,-0.028682023,-0.009038412,0.07860856,0.037681226,0.09042616,0.026376303,-0.06101184,0.011086882,0.008945622,0.083004594,0.023690542,-0.035347167,0.01728665,0.12617977,0.017087195,-0.022320101,-0.018603342,0.01894369,-0.0655026,-0.025700117,-0.083150096,-0.013083275,0.0204455,0.015132851,-0.03600347,-0.03167614,-0.058653764,-0.019469682
0.036578935,0.0044093095,0.028018586,-0.038790993,-0.050333068,-0.03484904,0.032138743,0.04620478,0.10627154,0.09921816,-0.044283543,0.033695295,0.019486392,0.02713077,0.0101095345,-0.03251704,0.06170948,0.096476436,-0.0009314986,-0.100150146,-0.022291996,-0.021530844,-0.07907406,-0.04079872,-0.10533392,-0.06413261,0.035737373,0.028073441,-0.0489703,-0.015929982,0.00172765,-0.064418614
0.01160112,0.005040313,0.028100198,0.009295536,-0.006254199,0.012020263,0.021977678,0.022096055,0.07975328,0.0423595,0.0043563815,0.0085895,-0.00019902486,0.045665346,0.0047894754,-0.057189684,0.019423796,0.124804124,0.030431993,-0.04370815,-0.025498707,-0.005476793,-0.052115567,-0.008090601,-0.05936975,-0.016497537,0.03979421,0.013276865,-0.026256083,-0.022239782,-0.018441964,-0.0009350275
0.019973597,0.012232404,0.03811068,0.002423934,-0.01636292,0.025435718,0.040499516,0.027842723,0.0759329,0.035873592,0.0035181441,0.01453852,-0.006898297,0.04659943,0.0004312998,-0.04689007,0.012291878,0.11183985,-0.009841993,-0.034664117,-0.017444277,-0.005949004,-0.042193383,-0.0062569836,-0.08370919,-0.014953623,0.038231358,0.0053640925,-0.036712516,-0.03339186,-0.04421441,-0.009058104
0.017544266,0.006153728,0.036795765,0.010581151,-0.0063383025,0.0032573626,0.038456082,0.030605696,0.08313598,0.038033634,-0.0051635546,0.0031089352,-0.003767854,0.04230365,0.0050941543,-0.055426307,0.02062312,0.12765422,0.020109175,-0.05255907,-0.0013410293,0.003804412,-0.06806684,-0.013660282,-0.06805212,-0.023841606,0.04872677,0.011233775,-0.023857879,-0.02169475,-0.022255374,-0.008583948
0.023188163,0.011199296,0.03776469,0.006637123,-0.008176634,0.033896577,0.029635057,0.02715898,0.079779334,0.043041047,0.0182631,0.014203712,-0.0021399173,0.040772546,0.0016975137,-0.04862249,0.01141596,0.105737716,-0.0091106985,-0.033653036,-0.0092611285,-0.01468074,-0.04249846,-0.008702302,-0.07656612,-0.012862482,0.038182903,-0.0020268047,-0.03977918,-0.031581238,-0.037183933,-0.0020740908
0.02679198,0.014208306,0.035388608,-0.006389321,0.0084456215,0.0053260005,0.049216688,0.035484027,0.071165346,0.030845959,0.020816388,0.0012828936,-0.0051370296,0.021595838,0.008414171,-0.024622131,-0.0049423613,0.118445635,0.0032133376,-0.04924359,0.019813359,-0.014611841,-0.06868927,-0.00505514,-0.09229146,-0.032750126,0.05863494,0.0021814273,-0.033773474,-0.01762961,-0.020172846,-0.01287901
0.004980228,0.014612296,0.05168844,0.022472348,0.015599845,0.03675689,0.050999083,0.021059569,0.05771731,0.014441053,0.030397948,0.039122835,-0.027600024,0.045586415,0.00739103,-0.03552453,0.024819352,0.111212686,0.0020833588,-0.02500854,-0.0015628799,0.021408528,-0.03633078,0.0010898835,-0.060512383,-0.020485098,0.012979011,0.0032666875,-0.08300696,0.00036898968,-0.0637146,-0.0020881419
0.032170065,-0.016538695,-0.01301207,0.03248147,-0.0155971395,0.050907157,-0.016272215,0.056486066,0.055166394,0.01934606,-0.021393359,-0.015755836,0.036664747,0.04263783,-0.009075281,-0.023482215,0.007719384,0.08816935,0.033055965,-0.010021929,-0.005523439,-0.0010356525,-0.049988266,-0.026911313,-0.10414005,0.026023846,0.047123738,0.006307377,-0.062250353,-0.007898267,-0.038126554,-0.03942978
-0.0142267775,0.0135727385,0.054525048,-0.03031511,0.009461727,0.014244275,0.0677005,0.026205461,0.08638176,0.0159925,-0.020416657,0.01470106,0.011511458,0.039684426,0.0075151357,-0.0032251016,0.0036764662,0.1247776,-0.0053041186,-0.08490786,-0.024642287,-0.0076382738,-0.03723169,-0.0062087923,-0.09301263,-0.04305905,0.055737153,-0.003679223,-0.01778373,-0.039636683,-0.04650289,0.0201549
0.029764123,0.011278436,0.056602303,-0.005271798,-0.025439203,-0.0020091035,0.04020225,0.034775827,0.083620675,0.03163474,0.0068074167,0.021336036,0.008790157,0.0532502,0.0025718568,-0.027928317,0.022460928,0.10801801,0.0029950023,-0.049454696,-0.021682782,-0.006518857,-0.0598663,0.006883285,-0.06555912,-0.014467017,0.035848,0.027141731,-0.039459005,-0.029936096,-0.046202034,-0.023667457
0.022525728,-0.004812517,0.042198632,0.015086692,-0.0014048226,0.005312445,0.045659985,0.040761467,0.065138176,0.035442922,0.012645931,0.0004965483,0.0073669427,0.050298363,0.014349626,-0.023481088,0.018410826,0.11741779,0.023078235,-0.04344815,-0.005223612,0.013162328,-0.06622837,0.0030883872,-0.07697374,-0.007381747,0.044093836,0.018272497,-0.048390243,-0.02795872,-0.042598814,-0.02906278
0.016799472,0.0022597346,0.04225633,0.0052317865,-0.0111142555,0.017748717,0.041032597,0.036681328,0.070765324,0.040876344,0.010931031,0.008965802,0.00039963587,0.041603524,0.005143118,-0.028160296,0.008478343,0.112055294,-0.00010156876,-0.041544814,-0.0034755694,-0.0023394094,-0.046111282,-0.0021138964,-0.0813341,-0.016358174,0.0353039,0.0037214092,-0.047717106,-0.03359223,-0.04098991,-0.014992431
0.02092339,0.00736404,0.045212183,0.008908454,-0.003557157,0.02681324,0.034677874,0.026269276,0.079597875,0.037457243,0.011536362,0.011774116,0.0005793191,0.051717848,0.00103462,-0.048682626,0.014216913,0.118695535,0.0025607285,-0.04557248,0.0009196721,0.0064367424,-0.05038418,-0.0057015605,-0.07163671,-0.012323079,0.033271275,0.0028344798,-0.047632862,-0.028635634,-0.037822194,-0.00627713
-0.045125403,0.050307486,0.058145087,-0.0038806535,0.008298455,0.047726527,0.04435649,0.011653062,0.10816975,0.0648572,0.044816133,0.10566267,0.037807025,0.023092171,0.046470538,-0.04417455,-0.008550686,0.11526854,0.062394578,-0.017304625,-0.03563415,-0.09600156,-0.06804034,0.011464964,-0.04477722,0.0074809324,0.05751629,0.01053251,0.0004932787,-0.030020555,-0.01847556,0.03609536
0.027154405,-0.013495028,0.050153676,-0.0055361693,-0.0030998131,0.017138897,0.02880474,0.019314311,0.053760286,0.03689615,0.03461973,0.018620541,-0.0026532672,0.03548315,0.0078108315,-0.0134859895,0.011202629,0.11111148,-0.0032561733,-0.034732677,-0.019423407,-0.008161071,-0.044362098,0.01736705,-0.09630579,-0.01520776,0.047015764,-0.005774126,-0.048982948,-0.02177112,-0.03706576,-0.017314065
0.021105912,0.013814702,0.054217268,0.0033088778,-0.0037060324,0.020621967,0.05365472,0.034307428,0.07375101,0.044790417,0.01745186,0.021171767,-0.0047254288,0.053097323,0.00033677756,-0.041677654,0.0048853373,0.119933374,0.00026114145,-0.04634845,0.0014527426,-0.0044905837,-0.044961702,-0.00209735,-0.08512452,-0.018639442,0.042185966,0.013872227,-0.045850754,-0.035507698,-0.042144276,-0.02553104
0.029418943,0.0033725835,0.050596386,-0.02819577,-0.037863664,-0.024173386,0.05052387,0.024660151,0.1095572,0.027206266,-0.020608462,0.022165462,-0.008432594,0.029682081,0.009659872,-0.03132003,0.0136693185,0.105720945,-0.005520547,-0.025417486,-0.004579949,0.023465484,-0.09079458,-0.012015042,-0.09698073,-0.020555837,0.014260103,0.026178883,-0.04698859,-0.026802838,-0.06292477,-0.040155143
0.019936346,-0.00080460316,0.028238297,-0.04882231,-0.041829985,-0.025138918,0.0060715876,0.036855303,0.10276352,0.064518936,0.0011488479,0.025850695,-0.0121644735,0.017141597,0.03577562,0.0058068866,0.029050972,0.08834575,0.034735233,-0.09466896,-0.032386705,-0.0077137453,-0.070519,0.020445487,-0.070695125,-0.04243546,0.017644994,0.013316923,-0.06594024,-0.036326576,-0.03745115,-0.04114479
0.048507012,0.077256665,0.03899699,-0.010066419,-0.012088517,-0.028077444,0.021001667,0.008325857,0.12295911,0.059735373,0.037889622,-0.0015550184,0.0030940808,-0.040648885,0.026331203,-0.0047752545,0.042118184,0.040045045,-0.01165349,-0.057467543,0.032843053,-0.0103903245,-0.10254818,0.024333373,-0.0820411,-0.023841873,0.012966994,0.00819282,-0.049896542,0.00049187196,-0.050857745,-0.07042688
0.027491633,-0.024970576,0.09095581,-0.003210273,-0.054484237,0.019566897,0.041189402,0.02627081,0.10801746,0.09077487,-0.03967197,0.030408354,0.008446586,0.08507578,-0.001204552,-0.046204846,0.05323361,0.14974435,0.0025801295,-0.09395019,-0.004571053,-0.003093381,-0.055633716,-0.010311457,-0.044142406,-0.023328617,0.019216066,0.038007252,-0.08904602,-0.042850338,-0.0010437226,-0.010046061
0.013727766,0.017456861,0.044204265,-0.007390763,0.00058843393,0.012052546,0.05281178,0.047320135,0.087793425,0.06445255,-0.005916095,0.018013809,-0.003939252,0.04099416,0.00620784,-0.04480726,0.016832544,0.12294209,0.00014977588,-0.062367246,0.009255778,0.004116594,-0.067084126,-0.021640196,-0.0676725,-0.042299066,0.04547421,-0.008203574,-0.04045649,-0.023545895,-0.02475384,-0.004685469
0.0057820296,0.03821173,-0.021589857,0.029978698,-0.06903519,-0.0021565168,0.09086776,0.06699071,0.01393171,0.009071365,-0.036176704,0.00058631576,-0.005275853,0.048277073,0.030762913,-0.020809684,-0.019148756,0.045081228,-0.031391677,-0.026424509,-0.10346999,0.0039989017,-0.062127467,0.026270473,-0.03552327,-0.010127235,0.043479107,0.05654169,-0.021992367,-0.08127187,-0.09998956,-0.004421929
0.090911426,-0.044745184,0.10155647,-0.01326994,-0.091029,0.021877844,0.04163129,0.07186168,0.050229594,0.05665438,0.038399637,0.03726265,-0.025680793,0.0701489,-0.025173124,-0.017707437,0.024303779,0.1135562,-0.012430074,-0.0936232,-0.005329766,0.026426475,-0.038060136,0.035054736,-0.046922125,-0.02981468,0.064810015,0.018652577,-0.04365376,-0.086982355,-0.011358863,0.0074164188
0.03478602,-0.079436675,-0.03070013,0.03171264,-0.0047739865,0.017630825,0.03213212,0.090622716,0.010742646,0.043473594,0.007976359,0.01926582,0.01301061,0.06932691,-0.0038122525,-0.019151896,-0.018750656,0.11851977,0.03162572,-0.05079312,-0.0146125555,0.0066011753,-0.04023822,-0.0109285535,-0.047376353,0.0045997216,-0.017932896,0.0066911364,-0.04166645,-0.06137743,-0.025363268,-0.04717745
0.03595359,0.0023879313,0.05709606,0.019813418,-0.013486882,0.010886475,0.058763284,0.042943344,0.06547268,0.061080866,0.008083093,0.001702558,0.0031741085,0.04337026,0.018354367,-0.0142972255,0.02844896,0.110421434,0.008459124,-0.056369167,0.004008737,0.01169998,-0.06841447,0.0077480795,-0.084394135,-0.01527951,0.043055236,0.023344902,-0.04941457,-0.03353884,-0.037693862,-0.047416124
0.019697273,0.029357387,0.030184273,0.03350501,-0.027983256,0.01751305,0.013502433,0.03923282,0.028754286,-0.016471118,-0.0023606801,-0.0054096747,0.047815606,0.044348598,-0.004263999,-0.02560139,0.009085743,0.118134454,0.0316704,-0.009254951,0.04652278,0.008869841,-0.0051393146,-0.029686049,-0.035476997,0.0066038277,0.015595399,0.050202888,-0.08195188,-0.035848618,-0.09094911,-0.012459358
0.02119451,0.013721551,0.054164648,0.00343989,-0.0036117104,0.02058537,0.05377975,0.0344573,0.07386446,0.044808134,0.017583003,0.021017242,-0.0045005376,0.0530998,0.00041415886,-0.041736547,0.0047654314,0.12027622,0.00015500616,-0.046509065,0.0013703755,-0.0045876107,-0.045149986,-0.0020580373,-0.08536657,-0.018947178,0.04222466,0.013705579,-0.045773268,-0.035252426,-0.04194563,-0.025515812
0.01681852,0.0035146936,0.041105393,-0.008548588,-0.016477395,-0.008560571,0.037594825,0.044934466,0.0883068,0.0656628,-0.013816975,0.017199919,0.0033711747,0.038686167,0.017091025,-0.02145458,0.024112262,0.1178793,0.01727312,-0.07595074,-0.0017310244,-0.0013360176,-0.08632155,-0.012157234,-0.0885711,-0.02674514,0.049444046,0.0067879176,-0.04202655,-0.02101391,-0.025186308,-0.03250906
0.09788117,-0.0061322004,0.0046411273,-0.01676289,-0.01380221,-0.0011989714,0.008090431,0.023781367,0.0738664,0.084215045,0.008086638,0.005404786,0.012735559,0.02496814,0.009305472,-0.0598789,0.06654364,0.05682479,-0.012435538,-0.07795584,0.008484845,-0.012275616,-0.07183173,-0.018298637,-0.109016106,-0.081919014,0.06018881,0.030393727,-0.03436797,0.017735751,-0.002841631,-0.07877358
0.06511945,0.0057147797,-0.049567454,0.030416403,-0.0079929875,0.062499803,-0.018249981,0.043614063,0.07699048,0.078306556,-0.02381472,-0.026598606,0.010454457,0.032879263,-0.067192,-0.038870167,0.010649126,0.027121527,-0.041682214,0.02677068,-0.0009495497,0.014899677,-0.004894667,-0.07369782,-0.14120395,0.0048398073,0.016030282,-0.022377457,-0.09891499,0.0038895188,-0.0779065,-0.045674868
0.027505577,-0.0064517977,0.049907386,0.0199706,0.0032223724,0.016498718,0.064387575,0.045216184,0.03772548,0.052224115,8.501136e-05,-0.008907668,0.00578209,0.054867793,0.020101419,0.004534681,0.021294361,0.10846454,0.015028296,-0.045820825,-0.007439036,0.02699701,-0.049062375,0.01907466,-0.07989343,-0.0109926835,0.027832316,0.028085317,-0.05775584,-0.04981135,-0.054280996,-0.06124838
0.031439316,0.023315586,0.021315387,0.00097329915,-0.043288738,-0.0108720325,0.075344026,0.022433525,0.04463584,-0.028282313,-0.010606881,0.014780622,-0.013230867,0.08289839,0.0082835555,-0.043123443,-0.0070951115,0.09611269,-0.03127111,0.04520485,-0.06747766,0.050179876,-0.059159078,0.005304694,-0.08816663,0.012090748,0.03927102,0.05752431,-0.026775125,-0.0449189,-0.087833695,-0.043471746
0.082593374,-0.008722696,0.0069739013,0.02746228,0.05003982,0.08459674,-0.060298022,-0.0044182055,0.07007965,0.15595068,0.049707875,-0.04651884,0.010979439,0.04173545,-0.035183366,0.0018026493,0.02728463,0.05069081,0.011862855,-0.0013392279,-0.08122244,-0.026646493,-0.005761205,0.005248247,-0.14526199,0.039280437,-0.031675853,-0.049392544,-0.08206411,0.022705976,-0.039033912,-0.13049622
-0.015900826,0.010195183,0.031432405,-0.015534195,0.07152158,0.012811355,0.03295967,0.00813964,0.080619045,0.024116175,-0.0010512015,0.023265552,-0.031829577,0.056898914,0.0070893886,-0.05163435,0.01942769,0.13151923,0.03347829,-0.036415074,0.010286877,0.053021908,-0.019350499,-0.0037864912,-0.0068470077,-0.0028839773,-0.028619366,0.04681967,-0.035514265,-0.005825893,-0.011496284,0.008311111
0.025949067,-0.0060974127,0.0475585,0.020341318,0.0038858817,0.014990009,0.06352341,0.044641856,0.037326444,0.05211488,0.001081865,-0.009075802,0.0067520575,0.05422257,0.021389905,0.0060182996,0.02090242,0.106653295,0.016651085,-0.04763226,-0.008735527,0.025701987,-0.04927596,0.021018686,-0.079289354,-0.009635315,0.028668972,0.027599914,-0.059677154,-0.048208397,-0.05528909,-0.06272054
0.023422232,0.011401363,0.037766963,0.006693694,-0.00822516,0.034127597,0.029997634,0.027383465,0.079499304,0.042904098,0.017846048,0.014145288,-0.0024424908,0.040694635,0.0017354183,-0.048605505,0.011276396,0.10578526,-0.00914104,-0.033666633,-0.009297551,-0.0146306995,-0.042598445,-0.008959562,-0.076203324,-0.012700724,0.038320918,-0.0018467864,-0.039450165,-0.0317669,-0.037501838,-0.0015713075
-0.062485196,-0.03121353,0.06699319,-0.06537004,-0.07939981,-0.028028717,0.07012533,0.045853302,0.099016055,0.10755791,-0.081213586,0.040719178,-0.023229651,0.045174215,0.010883991,-0.0047293245,0.025476612,0.13775373,0.027603671,-0.07071415,-0.03421223,-0.0033155251,-0.061555102,-0.01085815,-0.07413771,-0.055830687,-0.0041141817,0.0073355576,-0.08610476,-0.076707646,-0.036445905,-0.046238184
-0.00890967,0.009756734,0.034820512,4.1606836e-06,-0.052037314,-0.01699034,0.03208861,0.010180712,0.054654866,0.019463517,-0.02774372,0.031381212,-0.035416216,0.04718246,-0.040142003,-0.040038276,0.008921134,0.14551851,-0.015833873,-0.0036745341,-0.041193843,0.03228222,-0.033772253,-0.025953459,-0.09908572,-0.022393217,0.034963533,0.024982493,-0.0301293,-0.02790375,-0.045980427,-0.017142018
0.069517575,-0.03825555,0.031447448,0.013016138,0.0060545965,-0.0037590992,0.07986815,0.0210202,0.047600105,-0.041895974,0.016089492,0.057311013,-0.016027784,0.07998687,-0.0022784357,-0.09886262,-0.019324908,0.14584422,-0.03143529,0.10546588,-0.040628053,0.06496222,-0.05991448,-0.013927752,-0.15537201,0.027139988,0.036658507,0.037679024,-0.0011006026,0.018483095,-0.08662998,-0.010483153
0.020515539,0.013177259,0.05196378,0.000679706,-0.005763394,0.02342077,0.05221432,0.03290533,0.07262404,0.044020183,0.023088818,0.0280865,-0.004122561,0.05379471,0.002540436,-0.04372938,0.005790838,0.11783934,0.0014782402,-0.043475255,-0.006994886,-0.009387397,-0.039005518,5.9621118e-05,-0.08192965,-0.018955765,0.04159852,0.017688889,-0.046099987,-0.03684028,-0.041285165,-0.021874294
0.02009114,0.021059548,0.05917764,0.0105704665,-0.00022853387,0.011370971,0.06932591,0.05079229,0.07886013,0.05998744,0.0021547088,0.011450167,-0.0073193647,0.04489338,0.0029641697,-0.0412518,0.013224168,0.121275745,-0.011072477,-0.044237707,0.013481581,-0.0003706409,-0.0764454,-0.032311715,-0.06880771,-0.040339373,0.057257075,-0.017140875,-0.034871683,-0.031510994,-0.033346724,-0.0030889472
0.03841664,0.01171481,0.04968483,0.011751585,0.005551151,-0.0007925739,0.059819706,0.035313495,0.07945959,0.041392297,-0.0028343361,0.01420873,-0.00555502,0.040557798,0.0007458995,-0.04300969,0.009853046,0.12528206,-0.0042637885,-0.022718843,0.021117618,0.014047075,-0.09779581,-0.020844512,-0.11345764,-0.009379696,0.056822956,0.0073145134,-0.026920198,-0.0077004796,-0.037891198,-0.035906926
0.049734563,0.001411581,0.011660889,0.04618342,0.015859427,-0.0008435811,-0.022513524,-0.016327046,0.07606607,0.039075688,0.065256715,-0.04718724,-0.0044081598,0.027981114,0.052102502,-0.059331685,0.018238539,0.057629675,0.011387061,-0.017891234,-0.018493194,0.009381474,-0.04488384,0.06661475,-0.04507825,-0.010810745,0.03185808,-0.055735625,0.018749047,-0.008255634,-0.06632445,0.00028127758
-0.011737912,0.02076016,0.056785535,0.0021245307,0.0006238482,0.025551856,0.04865471,0.015899733,0.0730428,0.030001875,0.026579501,0.026547406,-0.004701543,0.03332474,0.0100931125,-0.030305063,0.020674882,0.12644137,-0.014036847,-0.03801017,-0.031298224,-0.012615962,-0.053014107,-0.023219645,-0.06888436,-0.0301277,0.05578231,-0.009288752,-0.027800787,-0.026323779,-0.037087988,0.02878849
0.02451007,0.0017495381,0.06406701,0.022421021,0.016463375,-0.0020841684,0.053864982,0.05296347,0.07846362,0.044876587,0.012292976,0.014973485,-0.0094575975,0.032176506,0.008979611,-0.019219793,0.022359662,0.115781166,0.019283995,-0.062508374,0.01608831,-0.011773878,-0.09800914,-0.012374086,-0.098051324,-0.021860337,0.04833068,-8.514192e-05,-0.034107823,-0.013838401,-0.039884873,-0.047670238
-0.04522539,-0.02934047,0.099338576,0.013491745,0.014466484,0.021752302,0.06792915,-0.0024429471,0.06997034,-0.0012645794,0.037677977,0.03761894,0.013555938,0.10643947,0.041100062,-0.033508528,0.031926777,0.18072328,0.06746814,-0.10277475,-0.004511703,0.08191195,-0.06841873,0.024788652,0.0032611827,-0.020867953,0.011890988,0.05430303,-0.09307739,-0.029960692,-0.036794014,-0.021596465
-0.019440228,-0.03005734,0.04797455,0.020324318,-0.027321272,0.034757547,0.075596236,0.08065307,-0.012162068,0.076988,-0.0015702117,-0.024399837,0.029078968,0.04182651,-0.02484169,0.012286514,0.027794465,0.100584,0.026158743,-0.011397248,-0.015345573,0.026628371,-0.0035864562,0.010577366,-0.041341223,-0.012116329,-0.016716782,-0.023239007,-0.07051343,-0.02394877,0.008710662,-0.0069190124
0.08035881,-0.03680593,0.052816983,0.0012806351,0.027250461,-0.0113047445,0.08024212,0.014183937,0.046467498,-0.044777866,-0.01049622,0.05348231,-0.005810947,0.09312938,-0.009595371,-0.07941723,-0.016987259,0.12535489,-0.0024772305,0.07854863,-0.027619962,0.07280995,-0.07181741,0.020539336,-0.12106784,0.047483593,0.04434394,0.028869858,-0.026403047,0.013856316,-0.08111237,-0.0050852816
-0.053417046,0.009522126,0.056642234,-0.060895897,-0.09050359,-0.035505623,0.05639551,0.06794816,0.13692176,0.09604482,-0.084042594,0.032321215,0.021215191,0.03713907,0.012861062,0.006731151,0.0088359015,0.1277577,0.017522577,-0.118219584,-0.03321711,-0.037134778,-0.09957503,-0.052864455,-0.044970214,-0.060967743,0.0013812899,0.009363272,-0.08527212,-0.06863964,-0.005374997,-0.008518732
-0.03777358,-0.016171815,0.029911775,-0.07971543,-0.08993249,-0.040373065,0.03378961,0.058601335,0.13890235,0.09102248,-0.06527548,0.051765807,-0.0014760122,0.041044634,0.01849727,0.004433627,0.01797648,0.12749615,0.032258794,-0.11470604,-0.033726364,0.0015695253,-0.0572004,-0.014532387,-0.09034638,-0.058010258,-0.003478033,-0.018790333,-0.07225886,-0.07261545,-0.030952856,-0.037451364
0.033817705,0.011742652,0.046396643,0.011373618,-0.0017650805,0.0049237474,0.05243408,0.04377214,0.094380565,0.06080185,-0.0030071135,-0.006224432,0.0053142775,0.03491922,-0.007145228,-0.042289883,0.0037493156,0.112842284,-0.00016267895,-0.04079331,0.016352192,-0.00027129077,-0.079560176,-0.041417647,-0.08494227,-0.027341072,0.053134475,-0.007923006,-0.03793384,-0.02642097,-0.028937923,-0.025593078
-0.035050098,0.024495404,0.0515156,-0.027687805,-0.062499076,-0.020569734,0.03807822,0.015615748,0.0868503,0.02633439,-0.00951231,0.013964505,0.0103343995,0.044652924,-0.0006191109,0.025954131,0.008018571,0.086264715,-0.016863529,-0.08123968,-0.058101393,-0.0012438869,-0.031498063,-0.003556691,-0.052029703,-0.012497337,0.0271604,0.019293435,-0.05145998,-0.06554176,-0.043520346,-0.038857136
0.030298706,0.026125018,0.050249193,0.012997154,0.0014420835,0.0009900865,0.052216496,0.03946081,0.09470369,0.06338259,-0.0041443123,0.006245732,-0.0011186707,0.023486245,0.005330952,-0.031679444,0.020128464,0.117578596,0.005797424,-0.05552689,0.034099534,-0.0063242023,-0.09960847,-0.027078457,-0.097124845,-0.019605778,0.05972188,0.0011011288,-0.033482842,-0.012843559,-0.021140182,-0.039667442
0.014271633,-0.0036236274,0.03233614,0.019900123,-0.029785214,0.022671554,0.04975766,0.029294442,0.066972464,0.020469142,0.015353376,0.0435126,-0.0006101349,0.047779597,0.039685536,-0.0360869,0.011568473,0.09516067,0.01861902,-0.017498486,-0.025199277,0.00034025742,-0.058927458,0.0030847774,-0.09921083,-0.016510582,0.063068815,0.05760526,-0.015429788,-0.044458773,-0.047635045,-0.030907437
0.0034249495,-0.02564625,0.038825955,0.007151409,0.018767852,0.008170202,0.050249796,0.04684442,0.038878977,0.030094042,0.02483076,0.043633662,-0.0017052693,0.057208017,0.043249026,-0.022011776,0.0001561488,0.103259176,0.038573626,0.03931965,-0.03855303,0.03416669,-0.050899055,0.0047732517,-0.10062738,0.032947775,0.04904537,0.016973484,-0.03123745,-0.01369785,-0.06336509,-0.0073795645
0.006498343,0.020218937,0.04233506,0.010212261,-0.0064781047,0.016979568,0.058860634,0.025333688,0.08409927,0.013950084,0.03612328,0.08594814,-0.0058652987,0.052902944,0.018201385,-0.06287809,-0.012546424,0.13384628,0.019692289,0.05444987,-0.042498685,-0.005438721,-0.079438426,-0.0046283393,-0.107325375,0.03389094,0.059722997,0.021272674,-0.0022269855,-0.015682753,-0.04699164,0.025245635
0.082247645,-0.0106655415,0.05040053,-0.007709407,0.010467075,0.009944444,0.06221956,0.016988954,0.048526745,-0.04231716,0.00888551,0.04917181,-0.013487633,0.094184294,-0.029098706,-0.09717816,-0.018991504,0.14215595,-0.002484776,0.09251225,-0.030312814,0.062393636,-0.06281653,0.0355744,-0.13839515,0.020362915,0.041608483,0.035198033,-0.02224001,0.02112671,-0.09528917,-0.0105199255
0.065230176,-0.014556044,0.04501919,0.0030317586,0.0150765255,0.012791914,0.059847638,-0.0054026544,0.03228546,-0.057232045,0.018351119,0.027049035,-0.005852203,0.08668372,-0.055475283,-0.08344899,-0.03573324,0.12124306,-0.024030946,0.10158486,-0.03081062,0.085037336,-0.04358929,-0.005624969,-0.1409673,0.03612778,0.036793973,0.017913066,-0.024854627,0.022917593,-0.084078595,-0.014118404
0.058666706,-0.0052773897,0.07062692,0.0006129521,-0.005286741,0.021008665,0.0779559,0.032886848,0.045484066,-0.036864016,0.015938748,0.052768588,-0.013575014,0.08376046,-0.014127572,-0.0699446,-0.01540705,0.16819566,-0.01117962,0.071207,-0.040062122,0.08785206,-0.08147293,0.04112211,-0.13276878,0.0024047177,0.046104085,0.059532076,-0.049125217,-0.013628383,-0.05718859,-0.0032682198
0.009053415,0.0076215714,0.0339383,-0.016595617,-0.001219594,0.0057626683,0.029920498,0.029317295,0.06491978,0.030743614,0.029943995,0.010811541,0.009468498,0.034219787,0.014821565,-0.011178479,0.0045733145,0.10971171,0.020891843,-0.047932684,-0.026824966,-0.0084930565,-0.0437277,0.009258937,-0.061406516,-0.016661355,0.03421623,0.0020375778,-0.050245903,-0.030284898,-0.025367528,-0.0027325018
-0.03863354,0.04158524,0.03907065,-0.025531478,0.0416086,0.02729709,0.05489529,0.01866715,0.114801615,0.06088041,0.037586085,0.04492578,0.0035416216,0.039865147,0.0374265,-0.05804179,0.027472448,0.12785552,0.07110533,-0.030034028,-0.0075987964,-0.021197766,-0.07382729,0.01216917,-0.019807763,0.016822083,0.02153162,0.024961386,-0.03465364,-0.0010300959,-0.0061992216,0.025757015
0.033046186,-0.028078761,0.0826567,-0.028428005,0.010463825,-0.010308723,0.0106469905,-0.02279283,0.06334596,-0.017315676,-0.022026816,-0.02151622,-0.02788012,-0.051006798,-0.07141584,-0.0058256467,0.031907212,0.14933282,-0.042435903,-0.018851133,-0.0039705615,-0.101951174,0.00032508935,0.01566341,-0.08506347,-0.121670015,0.1742723,0.1242066,0.023706349,-0.016707065,-0.02016102,0.007978294
0.018874485,0.07620512,0.007804231,0.058778606,-0.013691476,-0.03063305,0.087128796,0.04137227,-0.03370372,0.005685365,-0.030732,0.050302427,-0.02232298,0.087552786,-0.04940225,-0.08257023,0.030491572,0.054527953,-0.02602455,0.008540672,-0.07122494,0.030815002,0.10141177,0.01635896,-0.049619857,0.0016174634,0.047202975,0.019181497,-0.09935077,-0.055710606,-0.033017684,-0.1172983
0.10205975,-0.016468164,0.10524399,0.050875932,0.060535867,0.082007304,0.10251627,0.10606675,0.045998827,0.06607397,-0.025116432,0.029368494,0.025745748,0.031604953,0.01980105,-0.07790622,-0.06999659,0.16418833,0.046198957,0.012474309,0.030525662,-0.076158464,-0.104518436,0.053762183,0.020182677,-0.05160985,0.014190205,0.003036284,0.025761541,-0.008854788,-0.01146668,-0.056763437
-0.013931964,-0.09736832,0.029055506,-0.0025837081,0.0094550345,0.020501936,0.023446437,-0.004121046,0.025925407,0.071478054,-0.012274255,-0.011336533,-0.018592965,0.071098775,0.055697415,0.02706327,0.047065444,0.015322608,0.012516101,0.057903413,-0.060181387,0.09297565,-0.06670799,0.048662968,-0.030403074,0.02014908,0.0182471,-0.010082507,-0.034783795,-0.031800516,-0.082006134,0.04121098
0.01832772,0.06682779,0.03623818,-0.07910505,0.11795534,0.04194844,0.03808615,0.0046225376,0.0017664005,0.027397387,0.03496773,-0.048188537,-0.021783441,0.07414174,0.0013624924,-0.03357924,-0.00024112083,0.13807295,0.021125823,-0.07991577,-0.022026002,-0.0012607872,-0.057037428,0.041916553,-0.089760825,-0.023406507,0.11452094,0.023567677,0.015187673,-0.07267761,0.018306764,-0.026450787
-0.058765814,0.07978894,0.022619594,0.066135965,0.05145632,-0.037915453,-0.05326563,0.03572283,-0.02179682,0.056599427,0.007850912,0.06554985,-0.044360343,0.060625885,-0.0407528,0.03075497,0.009241051,0.10375884,-0.051498834,-0.024820795,-0.07508913,-0.140968,0.0151183205,-0.094382584,-0.04549175,0.07499125,-0.053554863,0.024554973,-0.20214744,-0.018824944,-0.03991509,-0.06440162
0.075646535,-0.0042738123,0.12170225,-0.0017740348,0.058230624,0.058313053,0.0642385,0.0019732346,0.03677507,-0.008360887,0.050137855,0.09011686,-0.018813327,0.030126957,0.05148564,-0.021903735,0.02178448,0.19760655,0.084849514,-0.02124637,0.03687815,-0.044883005,-0.049523976,0.08814258,-0.08030473,-0.11907816,0.12570654,0.03792372,-0.051577426,-0.049646545,-0.0392566,0.01514924
0.12532353,-0.007056443,0.022779748,-0.008589297,-0.014349129,-0.0027981927,0.029223155,0.026434766,0.087537736,0.0966601,0.0062038866,0.02919701,0.00723069,0.01007667,0.008731061,-0.08231327,0.10076536,0.08873302,-0.023717683,-0.07772795,-0.009252473,-0.026395885,-0.10164149,-0.02928074,-0.13477354,-0.07108628,0.077310145,0.05039909,-0.022009911,0.0282791,0.015058248,-0.09081264
-0.022929937,-0.028308906,-0.0051434194,0.020651676,-0.09819964,0.05154936,0.04575914,0.11798671,0.081162184,0.13598484,-0.082786456,0.035786945,0.0110298,0.061877176,0.03322951,-0.08287881,-0.022505227,0.0949483,-0.005217078,0.0015045123,0.00060069456,0.0957555,-0.033865776,0.027644752,-0.10490129,-0.06306488,0.15647198,0.031951338,-0.07893261,-0.11556753,-0.05758345,0.03454418
0.0373135,0.09687874,0.10866803,-0.0041687638,-0.047360573,0.013728702,0.0011106945,0.029406523,0.035734132,0.08946695,-0.015647585,-0.038278736,0.012864402,0.05317923,-0.035298917,-0.066293806,-0.07491561,0.08630088,-0.07519822,0.031732332,0.027823346,-0.027248204,-0.033137377,-0.031069146,-0.07270206,0.00638883,0.17274353,0.0024677718,-0.03392328,-0.046976175,-0.0014024047,0.054233473
0.04282353,0.007843571,0.03242094,0.08752274,0.017089967,-0.00034095673,0.045136265,0.029765883,0.01765058,-0.003963805,-0.036755364,-0.010575354,-0.012864644,0.105769336,0.00897773,-0.03744122,-0.016444154,0.08847155,0.05774247,-0.021997869,0.062421974,0.02824811,-0.043380454,0.02360871,-0.035029627,0.011245859,0.033358242,0.04384546,-0.06890215,-0.016664771,0.005942532,-0.040031366
-0.033292845,-0.023557758,0.086210474,0.009520493,-0.013380022,-0.012652302,0.08030372,0.024905303,0.051637992,0.035687104,-0.016255064,-0.012335414,0.0003392758,0.06368604,-0.00394803,-0.0068027256,0.00494676,0.10030824,0.0011965949,-0.01381791,0.005567613,0.031230891,-0.0589009,-0.022589508,-0.0392493,0.014136281,0.02055358,0.004793579,-0.013079422,-0.043449704,-0.020929947,-0.0150086
0.041128226,0.022842923,0.03239597,0.06473287,0.033538975,0.00020333193,0.051277608,0.04244622,0.005447007,0.022484858,0.05704676,-0.04469366,0.0060831644,0.07346088,-0.029288784,-0.033677835,-0.015492871,0.11354643,0.023856554,-0.0032378538,0.06316853,-0.0055769924,-0.07596356,0.038326725,-0.028529845,-0.011047295,0.029256199,0.03961066,-0.05637087,-0.014615474,0.042211603,-0.02511275
-0.035341002,-0.004201416,0.070265666,0.016865153,0.0109309405,0.027028086,0.06911255,0.024228001,0.00034646876,0.04523693,-0.05488164,0.007801788,-0.02411984,0.031095902,0.005649001,-0.012979667,-0.003505176,0.08260201,0.040357795,0.0025137123,-0.009015059,-0.0022319097,-0.006745437,0.00426491,-0.020837387,0.030461498,0.021109939,0.013350106,-0.0016496088,0.026225204,-0.031686835,0.019392647
0.08815274,0.005602293,-0.023854636,-0.04322182,0.019051507,0.036975816,0.080222964,0.07412924,0.0950602,0.023215806,0.063161455,-0.039294098,-0.008103077,0.0022842376,-0.00030983723,-0.10222389,-0.08812858,0.1060049,-0.00048506237,-0.058279954,0.00034057695,-0.015888307,-0.062352292,-0.034819886,-0.024901027,-0.11981628,0.12955308,-0.036667224,0.023797879,-0.09032692,-0.015862823,0.09760742
-0.025990272,-0.0039792075,0.11379909,0.008309439,-0.010374259,-0.064046994,0.07022648,0.05307872,0.0874025,0.09794533,-0.015372978,0.010600543,0.0065762666,0.08968845,-0.01714556,0.0030297893,0.0043497533,0.11709501,0.027773455,-0.025007986,-0.023498118,0.010009064,-0.081120886,-0.072472215,-0.034289066,0.014198575,0.013126662,-0.007897245,-0.07116619,-0.06313968,-0.022465726,-0.011784492
-0.022488672,0.0022074678,0.1504603,0.024526458,-0.011580346,-0.06131159,0.05854139,-0.013815126,0.09807986,0.013903102,-0.020850506,-0.0048235804,0.0064460346,0.096721135,-0.022311077,-0.025406197,0.04405106,0.12320982,0.018762447,-0.05667094,0.007844479,0.044766575,-0.09564188,-0.044001132,-0.011642175,-0.009208029,0.021546233,0.038554825,-0.042095844,-0.052979853,-0.037680924,-0.009046016
-0.010580924,-0.007842142,0.07966709,0.073208466,-0.031978045,0.015912442,0.13053375,0.031791843,-0.097029574,0.029244278,0.05165418,0.009396835,-0.065738626,0.0666229,0.049671493,-0.072763145,0.021787565,0.08849251,0.003488957,-0.052108742,0.018976938,-0.006123079,0.009539924,0.0018045125,-0.050619803,-0.0641388,0.042840637,0.032477286,-0.066613,0.021160213,-0.095778346,-0.049778953
